-- phpMyAdmin SQL Dump
-- version 4.9.0.1
-- https://www.phpmyadmin.net/
--
-- Хост: 127.0.0.1:3306
-- Время создания: Май 21 2022 г., 16:45
-- Версия сервера: 10.3.13-MariaDB-log
-- Версия PHP: 7.3.9

SET SQL_MODE = "NO_AUTO_VALUE_ON_ZERO";
SET AUTOCOMMIT = 0;
START TRANSACTION;
SET time_zone = "+00:00";


/*!40101 SET @OLD_CHARACTER_SET_CLIENT=@@CHARACTER_SET_CLIENT */;
/*!40101 SET @OLD_CHARACTER_SET_RESULTS=@@CHARACTER_SET_RESULTS */;
/*!40101 SET @OLD_COLLATION_CONNECTION=@@COLLATION_CONNECTION */;
/*!40101 SET NAMES utf8mb4 */;

--
-- База данных: `fenix`
--

-- --------------------------------------------------------

--
-- Структура таблицы `appointments`
--

CREATE TABLE `appointments` (
  `doctor_id` int(11) UNSIGNED NOT NULL,
  `user_id` int(11) UNSIGNED NOT NULL,
  `reg_time` int(10) UNSIGNED NOT NULL,
  `time` int(11) UNSIGNED NOT NULL,
  `number` varchar(30) COLLATE utf8mb4_unicode_ci NOT NULL
) ENGINE=InnoDB DEFAULT CHARSET=utf8mb4 COLLATE=utf8mb4_unicode_ci;

--
-- Дамп данных таблицы `appointments`
--

INSERT INTO `appointments` (`doctor_id`, `user_id`, `reg_time`, `time`, `number`) VALUES
(10, 25, 1635670800, 1635757200, '897585'),
(5, 35, 1635672600, 1635759000, '636573'),
(2, 37, 1635676200, 1635762600, '390684'),
(8, 27, 1635679800, 1635766200, '360326'),
(8, 28, 1635683400, 1635769800, '511063'),
(1, 29, 1635687000, 1635773400, '491050'),
(6, 34, 1635687000, 1635773400, '629250'),
(5, 34, 1635688800, 1635775200, '497996'),
(5, 56, 1635692400, 1635778800, '106995'),
(4, 32, 1635762600, 1635849000, '787051'),
(7, 28, 1635764400, 1635850800, '497271'),
(10, 30, 1635764400, 1635850800, '893846'),
(4, 32, 1635768000, 1635854400, '729767'),
(9, 35, 1635843600, 1635930000, '248893'),
(4, 31, 1635845400, 1635931800, '803962'),
(10, 35, 1635845400, 1635931800, '979806'),
(8, 30, 1635847200, 1635933600, '664497'),
(10, 25, 1635858000, 1635944400, '790271'),
(5, 27, 1635867000, 1635953400, '259364'),
(1, 28, 1635870600, 1635957000, '667171'),
(2, 28, 1635870600, 1635957000, '323954'),
(2, 47, 1635931800, 1636018200, '429214'),
(9, 28, 1635931800, 1636018200, '386437'),
(10, 35, 1635933600, 1636020000, '343092'),
(7, 36, 1635937200, 1636023600, '517474'),
(3, 28, 1635957000, 1636043400, '592267'),
(2, 33, 1636025400, 1636111800, '263986'),
(4, 33, 1636027200, 1636113600, '134620'),
(2, 46, 1636029000, 1636115400, '127247'),
(4, 27, 1636032600, 1636119000, '909338'),
(4, 36, 1636038000, 1636124400, '474577'),
(2, 25, 1636043400, 1636129800, '866077'),
(3, 29, 1636119000, 1636205400, '763881'),
(4, 27, 1636124400, 1636210800, '376845'),
(3, 37, 1636200000, 1636286400, '232853'),
(8, 30, 1636205400, 1636291800, '273875'),
(9, 34, 1636284600, 1636371000, '293765'),
(1, 27, 1636302600, 1636389000, '584474'),
(7, 34, 1636362000, 1636448400, '727632'),
(10, 36, 1636371000, 1636457400, '373567'),
(2, 36, 1636374600, 1636461000, '626532'),
(10, 32, 1636380000, 1636466400, '150901'),
(9, 26, 1636453800, 1636540200, '275342'),
(9, 26, 1636455600, 1636542000, '401221'),
(10, 35, 1636455600, 1636542000, '453284'),
(7, 30, 1636462800, 1636549200, '811309'),
(2, 33, 1636542000, 1636628400, '538238'),
(5, 35, 1636543800, 1636630200, '443088'),
(2, 28, 1636551000, 1636637400, '250880'),
(7, 29, 1636552800, 1636639200, '543954'),
(4, 32, 1636556400, 1636642800, '371953'),
(1, 30, 1636624800, 1636711200, '474236'),
(5, 27, 1636628400, 1636714800, '306938'),
(7, 27, 1636637400, 1636723800, '253640'),
(7, 33, 1636644600, 1636731000, '226217'),
(2, 35, 1636709400, 1636795800, '653981'),
(5, 34, 1636722000, 1636808400, '956232'),
(9, 26, 1636795800, 1636882200, '181630'),
(10, 31, 1636795800, 1636882200, '944706'),
(2, 32, 1636803000, 1636889400, '355861'),
(7, 28, 1636806600, 1636893000, '223489'),
(9, 30, 1636806600, 1636893000, '828106'),
(3, 27, 1636812000, 1636898400, '883577'),
(1, 34, 1636889400, 1636975800, '385059'),
(5, 37, 1636907400, 1636993800, '899154'),
(2, 30, 1636968600, 1637055000, '650274'),
(8, 36, 1636986600, 1637073000, '436517'),
(7, 26, 1636992000, 1637078400, '431655'),
(5, 12, 1636208126, 1637128800, '4cc5ef'),
(10, 12, 1636717986, 1637130600, '099685'),
(10, 37, 1637069400, 1637155800, '196072'),
(5, 26, 1637071200, 1637157600, '526346'),
(3, 37, 1637074800, 1637161200, '127667'),
(5, 12, 1637162885, 1637211600, 'eeef5f'),
(5, 12, 1636210947, 1637217000, '80a7b9'),
(7, 12, 1636195994, 1637217000, '523994'),
(6, 35, 1637139600, 1637226000, '574945'),
(6, 36, 1637161200, 1637247600, '123192'),
(6, 29, 1637163000, 1637249400, '412816'),
(10, 33, 1637163000, 1637249400, '764667'),
(1, 12, 1636904637, 1637305200, '20b0ea'),
(4, 27, 1637229600, 1637316000, '123085'),
(10, 26, 1637229600, 1637316000, '759926'),
(10, 34, 1637233200, 1637319600, '378255'),
(1, 27, 1637235000, 1637321400, '926084'),
(5, 25, 1637236800, 1637323200, '289658'),
(7, 35, 1637240400, 1637326800, '733010'),
(3, 29, 1637249400, 1637335800, '585180'),
(10, 35, 1637249400, 1637335800, '384433'),
(5, 30, 1637317800, 1637404200, '938902'),
(9, 36, 1637317800, 1637404200, '538869'),
(10, 35, 1637319600, 1637406000, '915692'),
(1, 27, 1637326800, 1637413200, '697258'),
(5, 28, 1637328600, 1637415000, '905417'),
(7, 27, 1637335800, 1637422200, '509854'),
(2, 32, 1637398800, 1637485200, '111323'),
(2, 30, 1637407800, 1637494200, '316771'),
(9, 27, 1637415000, 1637501400, '220657'),
(1, 36, 1637424000, 1637510400, '956133'),
(3, 26, 1637424000, 1637510400, '162640'),
(7, 34, 1637499600, 1637586000, '343693'),
(4, 32, 1637512200, 1637598600, '643310'),
(8, 27, 1637573400, 1637659800, '745199'),
(4, 31, 1637577000, 1637663400, '563007'),
(9, 26, 1637587800, 1637674200, '513649'),
(8, 27, 1637589600, 1637676000, '363472'),
(9, 37, 1637595000, 1637681400, '308322'),
(3, 35, 1637598600, 1637685000, '100777'),
(7, 32, 1637598600, 1637685000, '872046'),
(4, 27, 1637667000, 1637753400, '803402'),
(1, 34, 1637672400, 1637758800, '762814'),
(5, 35, 1637676000, 1637762400, '982968'),
(10, 33, 1637677800, 1637764200, '133612'),
(5, 29, 1637679600, 1637766000, '852166'),
(7, 26, 1637679600, 1637766000, '997461'),
(7, 36, 1637685000, 1637771400, '645051'),
(7, 35, 1637755200, 1637841600, '703661'),
(3, 32, 1637771400, 1637857800, '279403'),
(9, 27, 1637854200, 1637940600, '536066'),
(8, 37, 1637857800, 1637944200, '708805'),
(9, 27, 1637919000, 1638005400, '992132'),
(6, 36, 1637920800, 1638007200, '940942'),
(7, 28, 1637929800, 1638016200, '968308'),
(1, 31, 1637938800, 1638025200, '675346'),
(1, 33, 1638003600, 1638090000, '466521'),
(2, 32, 1638012600, 1638099000, '667186'),
(5, 30, 1638023400, 1638109800, '932463'),
(5, 32, 1638025200, 1638111600, '599893'),
(2, 41, 1638027000, 1638113400, '884780'),
(2, 47, 1638264600, 1638351000, '399088'),
(9, 37, 1638266400, 1638352800, '736970'),
(9, 30, 1638268200, 1638354600, '989995'),
(1, 29, 1638270000, 1638356400, '606488'),
(1, 36, 1638277200, 1638363600, '716352'),
(10, 33, 1638277200, 1638363600, '345669'),
(1, 35, 1638361800, 1638448200, '118964'),
(1, 36, 1638367200, 1638453600, '771360'),
(2, 36, 1638367200, 1638453600, '317852'),
(10, 30, 1638369000, 1638455400, '430430'),
(9, 28, 1638376200, 1638462600, '323897'),
(4, 35, 1638439200, 1638525600, '114240'),
(2, 32, 1638441000, 1638527400, '618018'),
(4, 37, 1638444600, 1638531000, '398973'),
(3, 37, 1638446400, 1638532800, '158349'),
(10, 34, 1638448200, 1638534600, '470846'),
(2, 37, 1638455400, 1638541800, '605694'),
(7, 31, 1638457200, 1638543600, '707393'),
(6, 35, 1638460800, 1638547200, '109358'),
(6, 27, 1638462600, 1638549000, '428012'),
(10, 36, 1638547200, 1638633600, '944851'),
(2, 29, 1638615600, 1638702000, '930802'),
(7, 29, 1638617400, 1638703800, '664135'),
(6, 32, 1638624600, 1638711000, '195912'),
(3, 32, 1638631800, 1638718200, '940732'),
(3, 41, 1638633600, 1638720000, '326313'),
(9, 40, 1638635400, 1638721800, '967635'),
(1, 12, 1638638207, 1638770400, '3287d4'),
(9, 29, 1645974000, 1638772200, '331640'),
(1, 12, 1638637909, 1638779400, '7ef4eb'),
(1, 37, 1638698400, 1638784800, '754412'),
(1, 30, 1638700200, 1638786600, '148520'),
(1, 30, 1638707400, 1638793800, '662893'),
(5, 33, 1638707400, 1638793800, '424979'),
(1, 29, 1638714600, 1638801000, '419625'),
(8, 32, 1638716400, 1638802800, '769917'),
(1, 25, 1638784800, 1638871200, '458275'),
(1, 32, 1638792000, 1638878400, '804068'),
(8, 37, 1638793800, 1638880200, '258380'),
(3, 31, 1638795600, 1638882000, '749409'),
(6, 28, 1638799200, 1638885600, '293061'),
(8, 30, 1638801000, 1638887400, '127523'),
(8, 34, 1638804600, 1638891000, '886628'),
(4, 31, 1638867600, 1638954000, '765490'),
(4, 27, 1638885600, 1638972000, '586372'),
(8, 33, 1638955800, 1639042200, '899681'),
(1, 29, 1638963000, 1639049400, '132510'),
(1, 36, 1638964800, 1639051200, '645017'),
(3, 28, 1638968400, 1639054800, '723210'),
(6, 27, 1638973800, 1639060200, '455449'),
(4, 28, 1638977400, 1639063800, '845540'),
(6, 33, 1638979200, 1639065600, '968145'),
(7, 34, 1638981000, 1639067400, '946362'),
(9, 30, 1639042200, 1639128600, '702554'),
(9, 26, 1639044000, 1639130400, '663821'),
(6, 29, 1639047600, 1639134000, '178436'),
(1, 27, 1639128600, 1639215000, '678462'),
(2, 33, 1639143000, 1639229400, '504341'),
(9, 26, 1639144800, 1639231200, '886590'),
(7, 31, 1639148400, 1639234800, '333895'),
(9, 34, 1639150200, 1639236600, '241445'),
(6, 33, 1639215000, 1639301400, '152299'),
(5, 33, 1639218600, 1639305000, '369867'),
(1, 35, 1639231200, 1639317600, '283481'),
(9, 32, 1639231200, 1639317600, '164207'),
(6, 34, 1639240200, 1639326600, '534588'),
(3, 30, 1639305000, 1639391400, '353814'),
(6, 29, 1639305000, 1639391400, '271202'),
(8, 32, 1639317600, 1639404000, '638740'),
(3, 37, 1639319400, 1639405800, '460496'),
(1, 33, 1639321200, 1639407600, '212909'),
(3, 25, 1639324800, 1639411200, '268203'),
(8, 33, 1639326600, 1639413000, '502217'),
(3, 32, 1639389600, 1639476000, '889690'),
(2, 33, 1639391400, 1639477800, '501667'),
(2, 35, 1639395000, 1639481400, '840571'),
(9, 37, 1639395000, 1639481400, '500695'),
(5, 27, 1639400400, 1639486800, '428234'),
(10, 31, 1639407600, 1639494000, '194333'),
(1, 35, 1639409400, 1639495800, '974443'),
(3, 32, 1639413000, 1639499400, '575829'),
(10, 27, 1639413000, 1639499400, '543471'),
(5, 29, 1639472400, 1639558800, '953958'),
(5, 30, 1639479600, 1639566000, '998810'),
(5, 28, 1639485000, 1639571400, '308612'),
(3, 29, 1639486800, 1639573200, '133972'),
(2, 35, 1639488600, 1639575000, '198471'),
(4, 27, 1639558800, 1639645200, '386641'),
(4, 27, 1639560600, 1639647000, '365400'),
(8, 36, 1639569600, 1639656000, '230390'),
(8, 34, 1639584000, 1639670400, '859048'),
(1, 12, 1636897765, 1639722600, '13cb54'),
(7, 12, 1638639050, 1639722600, '360162'),
(2, 30, 1639645200, 1639731600, '144765'),
(3, 32, 1639650600, 1639737000, '548856'),
(10, 25, 1639654200, 1639740600, '175835'),
(6, 31, 1639656000, 1639742400, '688854'),
(4, 29, 1639659600, 1639746000, '993853'),
(6, 34, 1639668600, 1639755000, '273964'),
(6, 37, 1639670400, 1639756800, '824329'),
(6, 31, 1639731600, 1639818000, '159731'),
(7, 29, 1639731600, 1639818000, '920221'),
(5, 25, 1639735200, 1639821600, '181367'),
(10, 28, 1639749600, 1639836000, '977663'),
(5, 35, 1639751400, 1639837800, '266744'),
(8, 36, 1639753200, 1639839600, '380140'),
(10, 27, 1639755000, 1639841400, '844559'),
(10, 32, 1639818000, 1639904400, '585635'),
(5, 26, 1639821600, 1639908000, '124790'),
(3, 34, 1639834200, 1639920600, '856550'),
(10, 36, 1639837800, 1639924200, '238852'),
(2, 26, 1639841400, 1639927800, '963604'),
(5, 33, 1639904400, 1639990800, '730644'),
(6, 37, 1639904400, 1639990800, '901971'),
(1, 37, 1639909800, 1639996200, '828214'),
(10, 37, 1639915200, 1640001600, '610766'),
(1, 25, 1639924200, 1640010600, '135548'),
(4, 33, 1639924200, 1640010600, '445256'),
(3, 30, 1639926000, 1640012400, '185149'),
(10, 27, 1639931400, 1640017800, '786460'),
(9, 30, 1639996200, 1640082600, '314017'),
(3, 35, 1639998000, 1640084400, '826162'),
(5, 30, 1639998000, 1640084400, '411638'),
(9, 32, 1639999800, 1640086200, '678253'),
(1, 34, 1640005200, 1640091600, '496683'),
(3, 25, 1640012400, 1640098800, '869900'),
(3, 26, 1640077200, 1640163600, '360876'),
(4, 27, 1640077200, 1640163600, '366441'),
(7, 25, 1640089800, 1640176200, '997279'),
(9, 27, 1640089800, 1640176200, '771759'),
(1, 29, 1640091600, 1640178000, '113835'),
(7, 28, 1640091600, 1640178000, '429308'),
(2, 34, 1640100600, 1640187000, '677800'),
(1, 26, 1640163600, 1640250000, '425878'),
(5, 35, 1640167200, 1640253600, '433086'),
(9, 27, 1640176200, 1640262600, '276178'),
(4, 37, 1640183400, 1640269800, '999488'),
(4, 28, 1640271600, 1640358000, '259292'),
(4, 37, 1640345400, 1640431800, '250320'),
(7, 25, 1640345400, 1640431800, '995743'),
(6, 34, 1640347200, 1640433600, '814998'),
(3, 34, 1640359800, 1640446200, '791843'),
(9, 35, 1640361600, 1640448000, '130913'),
(8, 36, 1640424600, 1640511000, '957059'),
(1, 31, 1640435400, 1640521800, '794067'),
(6, 30, 1640437200, 1640523600, '707770'),
(4, 34, 1640442600, 1640529000, '610759'),
(5, 35, 1640442600, 1640529000, '373010'),
(9, 36, 1640442600, 1640529000, '951852'),
(5, 26, 1640446200, 1640532600, '574267'),
(1, 31, 1640518200, 1640604600, '344059'),
(8, 34, 1640518200, 1640604600, '186066'),
(9, 31, 1640518200, 1640604600, '540934'),
(5, 28, 1640521800, 1640608200, '780609'),
(10, 25, 1640521800, 1640608200, '374520'),
(5, 27, 1640599200, 1640685600, '278395'),
(7, 28, 1640599200, 1640685600, '424073'),
(5, 36, 1640602800, 1640689200, '241335'),
(5, 25, 1640604600, 1640691000, '978186'),
(5, 36, 1640615400, 1640701800, '488895'),
(6, 25, 1640620800, 1640707200, '146060'),
(2, 31, 1640961000, 1641047400, '903831'),
(6, 27, 1641033000, 1641119400, '163919'),
(1, 31, 1641124800, 1641211200, '500810'),
(10, 29, 1641128400, 1641214800, '174946'),
(1, 36, 1641133800, 1641220200, '136482'),
(2, 29, 1641135600, 1641222000, '758980'),
(2, 28, 1641139200, 1641225600, '816954'),
(3, 28, 1641141000, 1641227400, '154205'),
(8, 32, 1641202200, 1641288600, '230992'),
(6, 29, 1641225600, 1641312000, '197584'),
(2, 25, 1641290400, 1641376800, '795161'),
(3, 26, 1641294000, 1641380400, '146188'),
(8, 30, 1641299400, 1641385800, '516903'),
(8, 35, 1641306600, 1641393000, '216927'),
(10, 29, 1641373200, 1641459600, '386597'),
(9, 25, 1641375000, 1641461400, '496554'),
(9, 33, 1641384000, 1641470400, '145826'),
(4, 31, 1641394800, 1641481200, '351734'),
(4, 32, 1641461400, 1641547800, '265231'),
(3, 27, 1641463200, 1641549600, '554261'),
(4, 25, 1641472200, 1641558600, '549522'),
(2, 29, 1641475800, 1641562200, '880217'),
(9, 27, 1641486600, 1641573000, '151624'),
(3, 32, 1641553200, 1641639600, '963447'),
(4, 36, 1641567600, 1641654000, '400800'),
(5, 33, 1641636000, 1641722400, '913048'),
(1, 31, 1641655800, 1641742200, '990341'),
(7, 27, 1641659400, 1641745800, '550464'),
(2, 26, 1641724200, 1641810600, '106419'),
(7, 26, 1641729600, 1641816000, '213163'),
(6, 36, 1641735000, 1641821400, '799497'),
(1, 26, 1641812400, 1641898800, '201644'),
(2, 31, 1641816000, 1641902400, '698534'),
(2, 28, 1641893400, 1641979800, '253274'),
(2, 30, 1641895200, 1641981600, '547576'),
(6, 31, 1641902400, 1641988800, '550961'),
(5, 27, 1641907800, 1641994200, '342057'),
(6, 26, 1641911400, 1641997800, '887755'),
(1, 37, 1641918600, 1642005000, '902990'),
(10, 27, 1641983400, 1642069800, '340633'),
(8, 26, 1641987000, 1642073400, '709792'),
(1, 37, 1641990600, 1642077000, '298080'),
(9, 31, 1642005000, 1642091400, '676405'),
(1, 12, 1641660568, 1642138200, '76643e'),
(7, 37, 1642075200, 1642161600, '203755'),
(3, 36, 1642150800, 1642237200, '416936'),
(4, 32, 1642168800, 1642255200, '238274'),
(4, 30, 1642172400, 1642258800, '207076'),
(10, 30, 1642246200, 1642332600, '596964'),
(2, 35, 1642249800, 1642336200, '516064'),
(1, 29, 1642251600, 1642338000, '996862'),
(9, 31, 1642253400, 1642339800, '651405'),
(4, 32, 1642260600, 1642347000, '867127'),
(7, 25, 1642325400, 1642411800, '992855'),
(1, 35, 1642332600, 1642419000, '572919'),
(2, 32, 1642336200, 1642422600, '799290'),
(9, 37, 1642345200, 1642431600, '179308'),
(7, 35, 1642413600, 1642500000, '296379'),
(10, 28, 1642419000, 1642505400, '143476'),
(1, 30, 1642420800, 1642507200, '104141'),
(2, 37, 1642429800, 1642516200, '598039'),
(8, 26, 1642435200, 1642521600, '610855'),
(10, 12, 1641817864, 1642572000, '138adf'),
(9, 26, 1642507200, 1642593600, '163642'),
(1, 31, 1642510800, 1642597200, '961001'),
(1, 28, 1642518000, 1642604400, '216817'),
(2, 32, 1642523400, 1642609800, '270700'),
(2, 31, 1642669200, 1642755600, '129138'),
(10, 33, 1642674600, 1642761000, '280850'),
(3, 35, 1642676400, 1642762800, '295161'),
(9, 31, 1642681800, 1642768200, '691008'),
(1, 31, 1642775400, 1642861800, '585559'),
(2, 27, 1642842000, 1642928400, '966299'),
(6, 32, 1642861800, 1642948200, '132166'),
(1, 31, 1642928400, 1643014800, '998507'),
(3, 27, 1642930200, 1643016600, '398935'),
(9, 29, 1642951800, 1643038200, '482859'),
(8, 36, 1643022000, 1643108400, '536820'),
(9, 28, 1643029200, 1643115600, '544530'),
(3, 36, 1643032800, 1643119200, '552837'),
(10, 32, 1643036400, 1643122800, '637538'),
(3, 29, 1643038200, 1643124600, '345405'),
(10, 37, 1643040000, 1643126400, '938722'),
(3, 33, 1643108400, 1643194800, '167761'),
(3, 36, 1643113800, 1643200200, '245483'),
(3, 32, 1643189400, 1643275800, '737511'),
(5, 25, 1643193000, 1643279400, '238329'),
(4, 30, 1643203800, 1643290200, '804774'),
(5, 36, 1643207400, 1643293800, '458446'),
(5, 25, 1643277600, 1643364000, '789342'),
(1, 12, 1643628348, 1643634000, '0e4c5a'),
(5, 30, 1643619600, 1643706000, '883974'),
(1, 27, 1643626800, 1643713200, '328582'),
(1, 12, 1643629717, 1643779800, '27bd21'),
(4, 12, 1643629744, 1643779800, 'be1b11'),
(7, 28, 1643706000, 1643792400, '489449'),
(5, 29, 1643725800, 1643812200, '386289'),
(1, 12, 1643628972, 1643956200, '03dc74'),
(1, 26, 1643878800, 1643965200, '313353'),
(9, 33, 1645965000, 1643968800, '826054'),
(3, 28, 1643895000, 1643981400, '431454'),
(1, 26, 1643898600, 1643985000, '777536'),
(2, 26, 1643972400, 1644058800, '548661'),
(5, 31, 1643977800, 1644064200, '893621'),
(7, 30, 1644055200, 1644141600, '375131'),
(8, 28, 1644060600, 1644147000, '372239'),
(9, 33, 1644069600, 1644156000, '395563'),
(4, 31, 1644139800, 1644226200, '783949'),
(5, 36, 1644150600, 1644237000, '980478'),
(8, 35, 1644157800, 1644244200, '781376'),
(10, 32, 1644228000, 1644314400, '581591'),
(5, 37, 1644231600, 1644318000, '442117'),
(5, 33, 1644247800, 1644334200, '813104'),
(7, 32, 1644310800, 1644397200, '193466'),
(6, 27, 1644337800, 1644424200, '638672'),
(7, 34, 1644409800, 1644496200, '335932'),
(1, 37, 1644418800, 1644505200, '211191'),
(5, 26, 1644424200, 1644510600, '100874'),
(9, 26, 1644492600, 1644579000, '492406'),
(2, 29, 1644505200, 1644591600, '608167'),
(8, 34, 1644570000, 1644656400, '709152'),
(8, 26, 1644575400, 1644661800, '266692'),
(2, 29, 1644656400, 1644742800, '909861'),
(3, 37, 1644674400, 1644760800, '691435'),
(4, 32, 1644676200, 1644762600, '531828'),
(6, 29, 1644683400, 1644769800, '357624'),
(2, 35, 1644750000, 1644836400, '836193'),
(4, 30, 1644831000, 1644917400, '122580'),
(10, 32, 1644845400, 1644931800, '572652'),
(7, 28, 1644854400, 1644940800, '139686'),
(4, 25, 1644922800, 1645009200, '233826'),
(4, 37, 1644937200, 1645023600, '415677'),
(3, 27, 1644942600, 1645029000, '797054'),
(1, 31, 1645012800, 1645099200, '182331'),
(5, 26, 1645029000, 1645115400, '848419'),
(2, 28, 1645092000, 1645178400, '211740'),
(9, 33, 1645097400, 1645183800, '550582'),
(1, 37, 1645099200, 1645185600, '640050'),
(10, 30, 1645104600, 1645191000, '268400'),
(3, 27, 1645182000, 1645268400, '962799'),
(3, 37, 1645192800, 1645279200, '731096'),
(4, 26, 1645266600, 1645353000, '295291'),
(2, 26, 1645279200, 1645365600, '264861'),
(7, 30, 1645281000, 1645367400, '121782'),
(10, 25, 1645284600, 1645371000, '460699'),
(1, 12, 1643629577, 1645430400, '424ea4'),
(5, 32, 1645349400, 1645435800, '751593'),
(9, 35, 1645367400, 1645453800, '570738'),
(4, 30, 1645371000, 1645457400, '657798'),
(1, 33, 1645374600, 1645461000, '469485'),
(7, 34, 1645439400, 1645525800, '772266'),
(7, 27, 1645446600, 1645533000, '337070'),
(1, 27, 1645459200, 1645545600, '391406'),
(6, 36, 1645520400, 1645606800, '369554'),
(3, 30, 1645525800, 1645612200, '180983'),
(5, 28, 1645529400, 1645615800, '551477'),
(8, 30, 1645531200, 1645617600, '215519'),
(8, 27, 1645542000, 1645628400, '895439'),
(2, 36, 1645545600, 1645632000, '393460'),
(4, 31, 1645606800, 1645693200, '568006'),
(7, 27, 1645693200, 1645779600, '437812'),
(10, 33, 1645702200, 1645788600, '704469'),
(3, 31, 1645704000, 1645790400, '156725'),
(4, 25, 1645709400, 1645795800, '374709'),
(2, 25, 1645716600, 1645803000, '186986'),
(1, 27, 1645783200, 1645869600, '213002'),
(9, 28, 1645801200, 1645887600, '489529'),
(1, 29, 1645884000, 1645970400, '514638'),
(3, 12, 1647094487, 1647406800, 'aaf21e'),
(25, 71, 1648392878, 1648708200, 'a3e2ee'),
(25, 71, 1648394561, 1648720800, 'd447ea'),
(25, 71, 1648392854, 1648796400, 'd34184'),
(21, 12, 1649440148, 1650522600, '30546a');

-- --------------------------------------------------------

--
-- Структура таблицы `comments`
--

CREATE TABLE `comments` (
  `id` int(10) UNSIGNED NOT NULL,
  `news_id` int(10) UNSIGNED NOT NULL,
  `user_id` int(10) UNSIGNED NOT NULL,
  `text` text COLLATE utf8mb4_unicode_ci NOT NULL,
  `date` int(11) UNSIGNED NOT NULL,
  `parent` int(10) UNSIGNED DEFAULT NULL
) ENGINE=InnoDB DEFAULT CHARSET=utf8mb4 COLLATE=utf8mb4_unicode_ci;

--
-- Дамп данных таблицы `comments`
--

INSERT INTO `comments` (`id`, `news_id`, `user_id`, `text`, `date`, `parent`) VALUES
(2, 2, 56, '<p>Ну значит запишусь после каникул.</p>', 1651354654, NULL);

-- --------------------------------------------------------

--
-- Структура таблицы `doctors`
--

CREATE TABLE `doctors` (
  `id` int(11) UNSIGNED NOT NULL,
  `name` varchar(120) COLLATE utf8mb4_unicode_ci NOT NULL,
  `specialty_id` int(11) UNSIGNED NOT NULL,
  `foto` varchar(255) COLLATE utf8mb4_unicode_ci DEFAULT '',
  `kabinet` int(11) UNSIGNED DEFAULT NULL,
  `qualification` text COLLATE utf8mb4_unicode_ci NOT NULL,
  `experience` varchar(60) COLLATE utf8mb4_unicode_ci NOT NULL,
  `mon` tinyint(1) NOT NULL,
  `tue` tinyint(1) NOT NULL,
  `wed` tinyint(1) NOT NULL,
  `thu` tinyint(1) NOT NULL,
  `fri` tinyint(1) NOT NULL,
  `sat` tinyint(1) NOT NULL,
  `sun` tinyint(1) NOT NULL
) ENGINE=InnoDB DEFAULT CHARSET=utf8mb4 COLLATE=utf8mb4_unicode_ci;

--
-- Дамп данных таблицы `doctors`
--

INSERT INTO `doctors` (`id`, `name`, `specialty_id`, `foto`, `kabinet`, `qualification`, `experience`, `mon`, `tue`, `wed`, `thu`, `fri`, `sat`, `sun`) VALUES
(1, 'Мирная Ирина Сергеевна', 1, 'uploads/doctors/1.jpg', 1, '', '5 лет', 1, 0, 1, 0, 1, 0, 0),
(2, 'Вареньева Марина Александровна', 1, 'uploads/doctors/2.jpg', 2, '', '6 лет', 0, 1, 0, 1, 1, 0, 0),
(3, 'Кульянов Андрей Витальевич', 2, 'uploads/doctors/3.jpg', 3, '', '5 лет', 1, 1, 1, 1, 1, 0, 0),
(4, 'Астапов Андрей Петрович', 3, 'uploads/doctors/4.jpg', 4, '', '7 лет', 1, 1, 1, 1, 1, 0, 0),
(5, 'Верная Галина Петровна', 4, 'uploads/doctors/5.jpg', 5, '', '4 года', 0, 1, 1, 1, 1, 0, 0),
(6, 'Креанов Эдуард Максимович', 5, 'uploads/doctors/6.jpg', 6, '<p>Кандидат медицинских наук</p>', '20 лет', 1, 1, 1, 1, 1, 0, 0),
(7, 'Кирсанов Игорь Александрович', 6, 'uploads/doctors/7.jpg', 7, '<p>Доктор медицинских наук</p>', '25 лет', 1, 1, 1, 1, 1, 0, 0),
(8, 'Коршина Елена Петровна', 7, 'uploads/doctors/8.jpg', 8, '', '5 лет', 0, 0, 1, 1, 1, 0, 0),
(9, 'Машина Вероника Сергеевна', 7, 'uploads/doctors/9.jpg', 9, '', '6 лет', 1, 1, 0, 0, 1, 0, 0),
(10, 'Петров Даниил Александрович', 8, 'uploads/doctors/10.jpg', 10, '<p>Врач высшей квалификационной категории</p>', '7 лет', 1, 1, 1, 1, 1, 0, 0),
(21, 'Бабенко Михаил Федорович', 2, 'uploads/doctors/1645970350_2.png', 11, '<p>Врач высшей квалификационной категории</p>', '7 лет', 1, 1, 1, 1, 1, 0, 0),
(22, 'Дымнич Дмитрий Игоревич', 4, 'uploads/doctors/1645970408_4.jpg', 12, '', '6 лет', 1, 1, 1, 1, 1, 0, 0),
(23, 'Глазырина Татьяна Юрьевна', 16, 'uploads/doctors/1645970508_3.jpg', 13, '', '', 1, 1, 1, 1, 1, 0, 0),
(24, 'Осипов Михаил Алексеевич', 3, 'uploads/doctors/1648234723_75831.jpg', 14, '', '6 лет', 1, 1, 1, 1, 1, 0, 0),
(25, 'Верещагин Сергей Анатольевич', 1, 'uploads/doctors/1645970683_8.jpg', 15, '<p>Врач первой категории, Кандидат медицинских наук</p>', '27 лет', 1, 1, 1, 1, 1, 0, 0),
(26, 'Тихонова Галия Сулеймановна', 17, 'uploads/doctors/1645970778_7.jpg', 16, '', '20 лет', 1, 1, 1, 1, 1, 0, 0),
(27, 'Волохин Игорь Алексеевич', 17, 'uploads/doctors/1645971034_9.jpg', 17, '', '12 лет', 1, 1, 1, 1, 1, 0, 0),
(28, 'Абакушин Дмитрий Николаевич', 17, 'uploads/doctors/1647626738_5.jpg', 18, '<p>Кандидат медицинских наук</p>', '23 года', 1, 1, 1, 1, 1, 0, 0),
(29, 'Смирнова Лариса Эдуардовна', 4, 'uploads/doctors/1647626960_10.jpg', 19, '<p>Кандидат медицинских наук</p>', '19 лет', 1, 1, 1, 1, 1, 0, 0),
(30, 'Эманов Валерий Геннадьевич', 3, 'uploads/doctors/1647627583_11.jpg', 20, '<p>Врач высшей категории, Доктор медицинских наук</p>', '20 лет', 1, 1, 1, 1, 1, 0, 0);

-- --------------------------------------------------------

--
-- Структура таблицы `groups`
--

CREATE TABLE `groups` (
  `id` int(11) UNSIGNED NOT NULL,
  `group_name` varchar(255) COLLATE utf8mb4_unicode_ci NOT NULL,
  `cant_delete` tinyint(1) NOT NULL,
  `allow_adminpanel` tinyint(1) NOT NULL,
  `allow_settings` tinyint(1) NOT NULL,
  `allow_static` tinyint(1) NOT NULL,
  `allow_groups` tinyint(1) NOT NULL,
  `allow_users` tinyint(1) NOT NULL,
  `allow_news` tinyint(1) NOT NULL,
  `allow_comments` tinyint(1) NOT NULL,
  `allow_specialties` tinyint(1) NOT NULL,
  `allow_doctors` tinyint(1) NOT NULL,
  `allow_appointments` tinyint(1) NOT NULL,
  `allow_upload_files` tinyint(1) NOT NULL
) ENGINE=InnoDB DEFAULT CHARSET=utf8mb4 COLLATE=utf8mb4_unicode_ci;

--
-- Дамп данных таблицы `groups`
--

INSERT INTO `groups` (`id`, `group_name`, `cant_delete`, `allow_adminpanel`, `allow_settings`, `allow_static`, `allow_groups`, `allow_users`, `allow_news`, `allow_comments`, `allow_specialties`, `allow_doctors`, `allow_appointments`, `allow_upload_files`) VALUES
(1, 'Администраторы', 1, 1, 1, 1, 1, 1, 1, 1, 1, 1, 1, 1),
(2, 'Пользователи', 1, 0, 0, 0, 0, 0, 0, 0, 0, 0, 0, 0),
(3, 'Регистраторы', 0, 1, 0, 0, 0, 1, 0, 0, 0, 0, 1, 0);

-- --------------------------------------------------------

--
-- Структура таблицы `lostpassword`
--

CREATE TABLE `lostpassword` (
  `id` int(10) UNSIGNED NOT NULL,
  `user_id` int(10) UNSIGNED NOT NULL,
  `token` varchar(60) COLLATE utf8mb4_unicode_ci NOT NULL,
  `date` int(11) UNSIGNED NOT NULL
) ENGINE=InnoDB DEFAULT CHARSET=utf8mb4 COLLATE=utf8mb4_unicode_ci;

--
-- Дамп данных таблицы `lostpassword`
--

INSERT INTO `lostpassword` (`id`, `user_id`, `token`, `date`) VALUES
(45, 12, '04a8db8abe98de6870aabea20559e055', 1647602058);

-- --------------------------------------------------------

--
-- Структура таблицы `news`
--

CREATE TABLE `news` (
  `id` int(11) UNSIGNED NOT NULL,
  `autor` int(11) UNSIGNED NOT NULL,
  `title` varchar(255) COLLATE utf8mb4_unicode_ci NOT NULL,
  `short_news` text COLLATE utf8mb4_unicode_ci NOT NULL,
  `full_news` text COLLATE utf8mb4_unicode_ci NOT NULL,
  `date_edit` int(11) UNSIGNED NOT NULL,
  `date` int(11) UNSIGNED NOT NULL
) ENGINE=InnoDB DEFAULT CHARSET=utf8mb4 COLLATE=utf8mb4_unicode_ci;

--
-- Дамп данных таблицы `news`
--

INSERT INTO `news` (`id`, `autor`, `title`, `short_news`, `full_news`, `date_edit`, `date`) VALUES
(1, 12, 'В нашей клинике появился лазерный хирургический аппарат', '<p style=\"text-align: justify;\">В нашей клинике появился лазерный хирургический аппарат. Предназначен он для лечения сосудистой патологии нижних конечностей (варикозная болезнь), заболеваний прямой кишки (геморрой) и патологии лор органов.</p>', '<p style=\"text-align: justify;\">В нашей клинике появился лазерный хирургический аппарат. Предназначен он для лечения сосудистой патологии нижних конечностей (варикозная болезнь), заболеваний прямой кишки (геморрой) и патологии лор органов. Принцип действия аппарата: вена обжигается лазерным излучением изнутри, после чего происходит полное её склеивание. Спустя определённого периода времени вена перестаёт существовать.</p>\r\n<p><img src=\"/uploads/images/1634059780_IMG_1100.jpg\" alt=\"\" /></p>\r\n<p style=\"text-align: justify;\">Уникальность прибора в том, что длина волны лазера составляет 1940 нм. Это абсолютно новое течение в лазерной хирургии. Данные операции относятся к разряду малоинвазивных. Выполняются без разрезов под местным обезболивающим, имеют меньший болевой синдром и малую травматичность. После такой операции пациенты очень быстро восстанавливаются и возвращаются к привычной жизни.</p>', 1634059789, 1432874149),
(2, 12, 'Как будут работать поликлиники с 1 по 10 мая 2021 года', '<p style=\"text-align: justify;\">Так как Указом Президента РФ общая продолжительность майских праздников составит 10 дней (с 1 по 10 мая), больницы и поликлиники изменят график работы. Уже известно, что больницы и поликлиники не будут полноценно работать все майские праздники.</p>', '<p style=\"text-align: justify;\">Так как Указом Президента РФ общая продолжительность майских праздников составит 10 дней (с 1 по 10 мая), больницы и поликлиники изменят график работы. Уже известно, что больницы и поликлиники не будут полноценно работать все майские праздники, в том числе с 4 по 7 мая. Но продолжат работу все пункты вакцинации, а в поликлиниках организуют дежурные группы специалистов.</p>\r\n<p style=\"text-align: justify;\">Минтруд выпустил рекомендации о нерабочих днях с 4 по 7 мая.</p>\r\n<p style=\"text-align: justify;\"><span style=\"font-size: 14pt;\"><strong>График работы больниц и поликлиник в майские праздники 2021 года</strong></span></p>\r\n<p style=\"text-align: justify;\">Несмотря на увеличенную продолжительность майских праздников, в сфере здравоохранения продолжат работу:</p>\r\n<ul style=\"text-align: justify;\">\r\n<li>дежурные группы медиков, которые будут принимать пациентов в экстренных ситуациях в поликлиниках;</li>\r\n<li>стационары больниц, где пациенты проходят лечение;</li>\r\n<li>сотрудники скорой и неотложной помощи;</li>\r\n<li>пункты вакцинации от коронавируса.</li>\r\n</ul>\r\n<p style=\"text-align: justify;\">Таким образом, попасть на плановый прием к медицинским специалистам будет нельзя с 1 по 10 мая. Но экстренную и неотложную помощь можно получить даже в праздники.</p>\r\n<p style=\"text-align: justify;\">В каждом регионе есть круглосуточные телефоны горячих линий, где можно получить информацию о графике работы медиков в определенных больницах и поликлиниках. Также отметим, что коммерческие медицинские центры и клиники могут работать даже в нерабочие, выходные и праздничные дни мая, так как это зависит от решения руководителя.</p>\r\n<p style=\"text-align: justify;\">Еще раз напомним текст Указа президента Путина о майских праздниках 2021 года:</p>\r\n<p style=\"text-align: justify;\">В целях сохранения тенденции сокращения распространения новой коронавирусной инфекции (COVID-19), укрепления здоровья граждан Российской Федерации и в соответствии со статьей 80 Конституции Российской Федерации постановляю:</p>\r\n<ol>\r\n<li style=\"text-align: justify;\">Установить с 4 по 7 мая 2021 г. включительно нерабочие дни с сохранением за работниками заработной платы.</li>\r\n<li style=\"text-align: justify;\">Органам публичной власти, иным органам и организациям определить количество служащих и работников, обеспечивающих с 1 по 10 мая 2021 г. включительно функционирование этих органов и организаций.</li>\r\n<li style=\"text-align: justify;\">Настоящий Указ вступает в силу со дня его официального опубликования.</li>\r\n</ol>', 1642875527, 1619670949),
(60, 12, 'В Минздраве разработали памятку для переболевших', '<p>Один из вариантов последствий COVID-19 &mdash; постковидный синдром. Это стойкие симптомы и/или отсроченные или долгосрочные осложнения, которые продолжаются более четырех недель с момента их появления.</p>', '<p><strong>Какие могут быть последствия после перенесенной новой коронавирусной инфекции?</strong></p>\r\n<p>Один из вариантов последствий COVID-19 &mdash; постковидный синдром. Это стойкие симптомы и/или отсроченные или долгосрочные осложнения, которые продолжаются более четырех недель с момента их появления.</p>\r\n<p>Наиболее серьезные осложнения после перенесенной коронавирусной инфекции:</p>\r\n<ul>\r\n<li>тромбозы 20-30%;</li>\r\n<li>одышка 31,7%;</li>\r\n<li>кашель 13,5%;</li>\r\n<li>жалобы на боль в груди и тахикардию 12,7%.</li>\r\n</ul>\r\n<p>Все это говорит о нарушениях в деятельности сердца, сосудов, дыхательной системы.</p>\r\n<p><strong>Как это можно предотвратить?</strong></p>\r\n<p><strong>Важно вовремя обратить внимание на изменения в состоянии организма и вместе с врачами принять меры, чтобы избежать развития осложнений.</strong></p>\r\n<p>Что необходимо сделать?</p>\r\n<p><strong>С 1 июля 2021 года на территории России стартовала углубленная диспансеризация. Пройти такое обследование можно в своей поликлинике</strong>.</p>\r\n<p>Что входит в углубленную диспансеризацию?</p>\r\n<p><strong>Обследование проходит в два этапа. На первом этапе проводятся анализы и исследования всем пациентам по утвержденному списку. Объем исследований второго этапа зависит от результатов первого, какое дообследование нужно, скажет доктор.</strong></p>\r\n<p>Пройти углубленную диспансеризацию можно в поликлинике</p>\r\n<p>I этап включает:</p>\r\n<p><strong>&mdash; анкетирование, вопросы которого позволяют врачу понять основные жалобы пациента;</strong></p>\r\n<p><strong>&mdash; измерение насыщения крови кислородом (сатурация) &mdash; выявляет отклонения в работе дыхательной системы;</strong></p>\r\n<p><strong>&mdash; тест с 6-минутной ходьбой &mdash; проводится по показаниям и направлен на исследование сердечно-сосудистой системы;</strong></p>\r\n<p><strong>&mdash; спирометрия нужна для оценки деятельности дыхательной системы;</strong></p>\r\n<p><strong>&mdash; рентген органов грудной клетки (Важно! Его делают только тем, кто не выполнял подобное исследование в течение года.);</strong></p>\r\n<p><strong>&mdash; определение концентрации Д-димера в крови проводится тем, кто перенес инфекцию в средней или тяжелой форме, этот тест покажет, есть ли риск развития тромбозов;</strong></p>\r\n<p><strong>&mdash; общий клинический анализ крови помогает понять причину таких симптомов, как, например, высокая утомляемость;</strong></p>\r\n<p><strong>&mdash; биохимический анализ крови включает семь показателей и позволяет понять причины развития высокой утомляемости, нарушения работы сердечно-сосудистой, пищеварительной систем.</strong></p>\r\n<p><strong>По результатам первого этапа диспансеризации проводится прием (осмотр) терапевтом, который может направить пациента на дальнейшие исследования в рамках II этапа.</strong></p>\r\n<p><strong>Исследования второго этапа помогают прицельно дообследовать больного, с большей вероятностью определить нарушения в работе органов и систем и предотвратить развитие осложнений.</strong></p>\r\n<p>II этап включает:</p>\r\n<p><strong>&mdash; эхокардиография &mdash; выявляет нарушения в деятельности сердца и сосудов;</strong></p>\r\n<p><strong>&mdash; дуплексное сканирование вен ног (УЗИ) позволяет определить наличие тромбозов.</strong></p>\r\n<p><strong>&mdash; КТ органов грудной клетки &mdash; это исследование легких и дыхательной системы в целом.</strong></p>\r\n<p>Могу ли я пройти обследование для переболевших COVID-19, если я уже проходил диспансеризацию в этом году?</p>\r\n<p><strong>Да. Углубленная диспансеризация &mdash; это отдельная программа, она не связана с проведением обычной диспансеризации или профилактического медосмотра.</strong></p>', 1642882082, 1642882030);

-- --------------------------------------------------------

--
-- Структура таблицы `specialties`
--

CREATE TABLE `specialties` (
  `id` int(11) UNSIGNED NOT NULL,
  `title` varchar(120) COLLATE utf8mb4_unicode_ci NOT NULL,
  `description` text COLLATE utf8mb4_unicode_ci NOT NULL,
  `image` varchar(255) COLLATE utf8mb4_unicode_ci NOT NULL DEFAULT ''
) ENGINE=InnoDB DEFAULT CHARSET=utf8mb4 COLLATE=utf8mb4_unicode_ci;

--
-- Дамп данных таблицы `specialties`
--

INSERT INTO `specialties` (`id`, `title`, `description`, `image`) VALUES
(1, 'Травматолог и ортопед', '<p>Специалист, который диагностирует и лечит травматическую и нетравматическую патологию опорно-двигательного аппарата (кости, суставы, мышцы, связки, хрящи)</p>', 'uploads/specialties/travma.png'),
(2, 'Невролог', '<p>Врач, занимающийся выявлением, терапией и предупреждением развития болезней нервной системы.</p>', 'uploads/specialties/nero.png'),
(3, 'Офтальмолог', '<p>Врач, который специализируется на изучении механизмов возникновения и развития заболеваний органов зрения.</p>', 'uploads/specialties/oko.png'),
(4, 'Терапевт', '<p>Терапевт &ndash; это многопрофильный специалист, который занимается болезнями внутренних органов, не требующих хирургического лечения.</p>', 'uploads/specialties/1647094177_terapevt.png'),
(5, 'Уролог', '<p>Врач, который занимается диагностикой, лечением и профилактикой заболеваний органов мочеполовой системы.</p>', 'uploads/specialties/urologpng.png'),
(6, 'Хирург', '<p>Врач-специалист, получивший подготовку по методам диагностики и хирургического лечения заболеваний и травм.</p>', 'uploads/specialties/hirurg.png'),
(7, 'Психиатр', '<p>Психиатр &ndash; это специалист , занимающийся диагностикой, терапией и профилактикой психических заболеваний.</p>', 'uploads/specialties/1647093196_2.png'),
(8, 'Дерматовенеролог ', '<p>Дерматовенеролог &ndash; это специалист, занимающегося диагностикой, лечением и профилактикой заболеваний кожи и венерических болезней.&nbsp;</p>', 'uploads/specialties/1647093295_1.png'),
(16, 'Отоларинголог ', '<p>Отоларинголог (ЛОР) &ndash; это врач, который занимается профилактикой и лечением заболеваний уха, горла и носа.&nbsp;</p>', 'uploads/specialties/1645967495_lorr.png'),
(17, 'Гинеколог', '<p>Гинеколог &ndash; это врач, который занимается диагностикой, лечением и профилактикой заболеваний женской репродуктивной системы.</p>', 'uploads/specialties/1645967164_ginekolog.png');

-- --------------------------------------------------------

--
-- Структура таблицы `static`
--

CREATE TABLE `static` (
  `id` int(11) UNSIGNED NOT NULL,
  `url` varchar(255) COLLATE utf8mb4_unicode_ci NOT NULL,
  `title` varchar(255) COLLATE utf8mb4_unicode_ci NOT NULL,
  `template` text COLLATE utf8mb4_unicode_ci NOT NULL,
  `date_edit` int(10) UNSIGNED NOT NULL,
  `date` int(10) UNSIGNED NOT NULL
) ENGINE=InnoDB DEFAULT CHARSET=utf8mb4 COLLATE=utf8mb4_unicode_ci;

--
-- Дамп данных таблицы `static`
--

INSERT INTO `static` (`id`, `url`, `title`, `template`, `date_edit`, `date`) VALUES
(1, 'donorstvo', 'Донорство', '<p><img src=\"/uploads/images/756c86a5e17b59e_621x300.jpg\" alt=\"\" /></p>\r\n<p style=\"text-align: justify;\"><strong>Донорство крови</strong> (от лат. donare &mdash; &laquo;дарить&raquo;) и (или) её компонентов &mdash; добровольная сдача крови и (или) её компонентов донорами, а также мероприятия, направленные на организацию и обеспечение безопасности заготовки крови и её компонентов. Клиническое использование связано с трансфузией (переливанием) реципиенту в лечебных целях. Также кровь, взятая от донора (донорская кровь), используется в научно-исследовательских и образовательных целях; в производстве компонентов крови лекарственных средств. &nbsp;Кровь как уникальное лечебное средство незаменима при переливании пострадавшим от ожогов и травм, при проведении сложных операций и при тяжелых родах. Кровь также жизненно необходима больным гемофилией, анемией и онкологическим больным при химиотерапии. &nbsp;Современная медицина не использует для лечения больных цельную кровь. Каждую дозу крови разделяют на компоненты. Для специализированного лечения применяются компоненты крови и препараты на основе донорской плазмы.&nbsp;</p>\r\n<p style=\"text-align: justify;\">Узнать можете ли вы быть донором</p>\r\n<p><img src=\"/uploads/images/2-3_protivopokazaniya_k_donorstvu.jpg\" alt=\"\" /></p>', 1621876964, 1621793638),
(2, 'about', 'О нас', '<p><img src=\"/uploads/images/08-09-33-i.jpg\" alt=\"\" /></p>\r\n<p>Платная поликлиника &laquo;Феникс&raquo; работает с 2015 года, когда открылся мед. центр в городе Тюмень и является одним из лучших частных медучреждений Тюменской области.</p>\r\n<p><span style=\"font-size: 12pt;\">&nbsp;&laquo;Феникс&raquo; &ndash; это более 12 врачей, в числе которых 2 доктора медицинских наук, 4 кандидатов медицинских наук, 3 врачей высшей квалификационной категории, ведущие эксперты в различных областях медицины. Все специалисты проходят стажировки в ведущих российских клиниках, посещают медицинские конференции, выступают на них с докладами, публикуют научные работы. В клиниках ведется прием по 10 направлениям медицины.</span></p>\r\n<p><span style=\"font-size: 12pt;\">В наших центрах работают опытные специалисты, которые с вниманием относятся к каждому пациенту. Это профессионалы, которые станут вашими партнёрами в сохранении здоровья.</span></p>\r\n<p><span style=\"font-size: 12pt;\">Наше принципиальное отличие от большинства государственных и частных медицинских учреждений является полный лечебный цикл &ndash; от постановки диагноза до выздоровления.</span></p>\r\n<p><span style=\"font-size: 12pt;\">Ваше здоровье &ndash; наша профессия!</span></p>', 1648207791, 1621793638),
(3, 'price', 'Прайс-лист', '<table style=\"width: 100%; height: 1298.65px;\" border=\"1\" cellspacing=\"0\" cellpadding=\"1\">\r\n<thead>\r\n<tr style=\"height: 22.3906px;\">\r\n<th style=\"width: 79.1335%; height: 22.3906px;\">Перечень услуг</th>\r\n<th style=\"width: 20.8665%; height: 22.3906px;\">Цена в руб.</th>\r\n</tr>\r\n</thead>\r\n<tbody>\r\n<tr style=\"height: 22.3906px;\">\r\n<td style=\"width: 79.1335%; height: 22.3906px;\">Приём врача &ndash; гинеколога, первичный</td>\r\n<td style=\"width: 20.8665%; height: 22.3906px;\">1 850 ₽</td>\r\n</tr>\r\n<tr style=\"height: 22.3906px;\">\r\n<td style=\"width: 79.1335%; height: 22.3906px;\">Приём врача &ndash; гинеколога, повторный (до 10 дней после первичнойконсультации)</td>\r\n<td style=\"width: 20.8665%; height: 22.3906px;\">1 500 ₽</td>\r\n</tr>\r\n<tr style=\"height: 22.3906px;\">\r\n<td style=\"width: 79.1335%; height: 22.3906px;\">Приём врача &ndash; гинеколога при беременности</td>\r\n<td style=\"width: 20.8665%; height: 22.3906px;\">2 200 ₽</td>\r\n</tr>\r\n<tr style=\"height: 44.7812px;\">\r\n<td style=\"width: 79.1335%; height: 44.7812px;\">Приём врача &ndash; гинеколога с формлением справки, направления, по результатам анализов и др.</td>\r\n<td style=\"width: 20.8665%; height: 44.7812px;\">850 ₽</td>\r\n</tr>\r\n<tr style=\"height: 44.7812px;\">\r\n<td style=\"width: 79.1335%; height: 44.7812px;\">Приём врача &ndash; гинеколога специализированный (бесплодие, эндокринная патология, сочетанная патология)</td>\r\n<td style=\"width: 20.8665%; height: 44.7812px;\">2 300 ₽</td>\r\n</tr>\r\n<tr style=\"height: 22.3906px;\">\r\n<td style=\"width: 79.1335%; height: 22.3906px;\">Приём врача &ndash; гинеколога Полевой О.В.</td>\r\n<td style=\"width: 20.8665%; height: 22.3906px;\">2 500 ₽</td>\r\n</tr>\r\n<tr style=\"height: 22.3906px;\">\r\n<td style=\"width: 79.1335%; height: 22.3906px;\">Приём врача &ndash; гинеколога, осмотр после операции</td>\r\n<td style=\"width: 20.8665%; height: 22.3906px;\">850 ₽</td>\r\n</tr>\r\n<tr style=\"height: 22.3906px;\">\r\n<td style=\"width: 79.1335%; height: 22.3906px;\">Приём врача &ndash; гинеколога, имеющего ученую степень К.М.Н., первичный</td>\r\n<td style=\"width: 20.8665%; height: 22.3906px;\">1 970 ₽</td>\r\n</tr>\r\n<tr style=\"height: 22.3906px;\">\r\n<td style=\"width: 79.1335%; height: 22.3906px;\">Приём врача &ndash; гинеколога, имеющего ученую степень К.М.Н., повторный</td>\r\n<td style=\"width: 20.8665%; height: 22.3906px;\">1 470 ₽</td>\r\n</tr>\r\n<tr style=\"height: 22.3906px;\">\r\n<td style=\"width: 79.1335%; height: 22.3906px;\">Приём врача &ndash; хирурга, первичный</td>\r\n<td style=\"width: 20.8665%; height: 22.3906px;\">1 850 ₽</td>\r\n</tr>\r\n<tr style=\"height: 22.3906px;\">\r\n<td style=\"width: 79.1335%; height: 22.3906px;\">Приём врача &ndash; хирурга, повторный</td>\r\n<td style=\"width: 20.8665%; height: 22.3906px;\">1 500 ₽</td>\r\n</tr>\r\n<tr style=\"height: 22.3906px;\">\r\n<td style=\"width: 79.1335%; height: 22.3906px;\">Приём врача &ndash; хирурга, осмотр после операции</td>\r\n<td style=\"width: 20.8665%; height: 22.3906px;\">850 ₽</td>\r\n</tr>\r\n<tr style=\"height: 22.3906px;\">\r\n<td style=\"width: 79.1335%; height: 22.3906px;\">Приём врача &ndash; хирурга-онколога, имеющего учённую степень Д.М.Н, первичный</td>\r\n<td style=\"width: 20.8665%; height: 22.3906px;\">2 100 ₽</td>\r\n</tr>\r\n<tr style=\"height: 22.3906px;\">\r\n<td style=\"width: 79.1335%; height: 22.3906px;\">Приём врача &ndash; хирурга-онколога, имеющего учённую степень Д.М.Н, повторный</td>\r\n<td style=\"width: 20.8665%; height: 22.3906px;\">1 750 ₽</td>\r\n</tr>\r\n<tr style=\"height: 22.3906px;\">\r\n<td style=\"width: 79.1335%; height: 22.3906px;\">Приём врача &ndash; хирурга, осмотр перед операцией в стационаре</td>\r\n<td style=\"width: 20.8665%; height: 22.3906px;\">1 850 ₽</td>\r\n</tr>\r\n<tr style=\"height: 22.3906px;\">\r\n<td style=\"width: 79.1335%; height: 22.3906px;\">Приём врача &ndash; терапевта, имеющего учённую степень К.М.Н., первичный</td>\r\n<td style=\"width: 20.8665%; height: 22.3906px;\">1 950 ₽</td>\r\n</tr>\r\n<tr style=\"height: 22.3906px;\">\r\n<td style=\"width: 79.1335%; height: 22.3906px;\">Приём врача &ndash; терапевта, имеющего учённую степень К.М.Н., повторный</td>\r\n<td style=\"width: 20.8665%; height: 22.3906px;\">1 500 ₽</td>\r\n</tr>\r\n<tr style=\"height: 22.3906px;\">\r\n<td style=\"width: 79.1335%; height: 22.3906px;\">Приём врача &ndash; терапевта, повторный (с открытым больничным листом)</td>\r\n<td style=\"width: 20.8665%; height: 22.3906px;\">1 500 ₽</td>\r\n</tr>\r\n<tr style=\"height: 22.3906px;\">\r\n<td style=\"width: 79.1335%; height: 22.3906px;\">Приём врача &ndash; терапевта, первичный</td>\r\n<td style=\"width: 20.8665%; height: 22.3906px;\">1 750 ₽</td>\r\n</tr>\r\n<tr style=\"height: 22.3906px;\">\r\n<td style=\"width: 79.1335%; height: 22.3906px;\">Приём врача &ndash; терапевта, повторный</td>\r\n<td style=\"width: 20.8665%; height: 22.3906px;\">1 500 ₽</td>\r\n</tr>\r\n<tr style=\"height: 22.3906px;\">\r\n<td style=\"width: 79.1335%; height: 22.3906px;\">Приём врача &ndash; терапевта по результатам анализов</td>\r\n<td style=\"width: 20.8665%; height: 22.3906px;\">600 ₽</td>\r\n</tr>\r\n<tr style=\"height: 22.3906px;\">\r\n<td style=\"width: 79.1335%; height: 22.3906px;\">Приём врача &ndash; уролога, первичный</td>\r\n<td style=\"width: 20.8665%; height: 22.3906px;\">1 750 ₽</td>\r\n</tr>\r\n<tr style=\"height: 22.3906px;\">\r\n<td style=\"width: 79.1335%; height: 22.3906px;\">Приём врача &ndash; уролога, повторный</td>\r\n<td style=\"width: 20.8665%; height: 22.3906px;\">1 500 ₽</td>\r\n</tr>\r\n<tr style=\"height: 22.3906px;\">\r\n<td style=\"width: 79.1335%; height: 22.3906px;\">Приём врача &ndash; уролога, имеющего учённую степень К.М.Н., первичный&nbsp;</td>\r\n<td style=\"width: 20.8665%; height: 22.3906px;\">1 980 ₽</td>\r\n</tr>\r\n<tr style=\"height: 22.3906px;\">\r\n<td style=\"width: 79.1335%; height: 22.3906px;\">Приём врача &ndash; уролога, имеющего учённую степень К.М.Н., повторный</td>\r\n<td style=\"width: 20.8665%; height: 22.3906px;\">1 650 ₽</td>\r\n</tr>\r\n<tr style=\"height: 22.3906px;\">\r\n<td style=\"width: 79.1335%; height: 22.3906px;\">Приём врача &ndash; уролога, осмотр после операции</td>\r\n<td style=\"width: 20.8665%; height: 22.3906px;\">850 ₽</td>\r\n</tr>\r\n<tr style=\"height: 22.3906px;\">\r\n<td style=\"width: 79.1335%; height: 22.3906px;\">Приём врача &ndash; отоларинголога, первичный</td>\r\n<td style=\"width: 20.8665%; height: 22.3906px;\">1 950 ₽</td>\r\n</tr>\r\n<tr style=\"height: 22.3906px;\">\r\n<td style=\"width: 79.1335%; height: 22.3906px;\">Приём врача &ndash; отоларинголога, повторный</td>\r\n<td style=\"width: 20.8665%; height: 22.3906px;\">1 500 ₽</td>\r\n</tr>\r\n<tr style=\"height: 22.3906px;\">\r\n<td style=\"width: 79.1335%; height: 22.3906px;\">Приём врача &ndash; отоларинголога (стаж работы менее 5 лет), первичный</td>\r\n<td style=\"width: 20.8665%; height: 22.3906px;\">1 500 ₽</td>\r\n</tr>\r\n<tr style=\"height: 22.3906px;\">\r\n<td style=\"width: 79.1335%; height: 22.3906px;\">Приём врача &ndash; отоларинголога (стаж работы менее 5 лет), повторный</td>\r\n<td style=\"width: 20.8665%; height: 22.3906px;\">1 270 ₽</td>\r\n</tr>\r\n<tr style=\"height: 22.3906px;\">\r\n<td style=\"width: 79.1335%; height: 22.3906px;\">Приём врача &ndash; отоларинголога, осмотр перед операцией в стационаре</td>\r\n<td style=\"width: 20.8665%; height: 22.3906px;\">1 950 ₽</td>\r\n</tr>\r\n<tr style=\"height: 22.3906px;\">\r\n<td style=\"width: 79.1335%; height: 22.3906px;\">Приём врача &ndash; отоларинголога, осмотр после операции</td>\r\n<td style=\"width: 20.8665%; height: 22.3906px;\">1 050 ₽</td>\r\n</tr>\r\n<tr style=\"height: 22.3906px;\">\r\n<td style=\"width: 79.1335%; height: 22.3906px;\">Консультация и диагностическое эндоскопическое исследование ЛОР-органов</td>\r\n<td style=\"width: 20.8665%; height: 22.3906px;\">2 780 ₽</td>\r\n</tr>\r\n<tr style=\"height: 22.3906px;\">\r\n<td style=\"width: 79.1335%; height: 22.3906px;\">Осмотр врача - отоларинголога с оформлением заключения о состоянии здоровья</td>\r\n<td style=\"width: 20.8665%; height: 22.3906px;\">1 050 ₽</td>\r\n</tr>\r\n<tr style=\"height: 22.3906px;\">\r\n<td style=\"width: 79.1335%; height: 22.3906px;\">Приём врача &ndash; невролога, первичный</td>\r\n<td style=\"width: 20.8665%; height: 22.3906px;\">1 650 ₽</td>\r\n</tr>\r\n<tr style=\"height: 22.3906px;\">\r\n<td style=\"width: 79.1335%; height: 22.3906px;\">Приём врача &ndash; невролога, повторный</td>\r\n<td style=\"width: 20.8665%; height: 22.3906px;\">1 300 ₽</td>\r\n</tr>\r\n<tr style=\"height: 22.3906px;\">\r\n<td style=\"width: 79.1335%; height: 22.3906px;\">Прием врача &ndash; невролога по коррекции лечения</td>\r\n<td style=\"width: 20.8665%; height: 22.3906px;\">1 050 ₽</td>\r\n</tr>\r\n<tr style=\"height: 44.7812px;\">\r\n<td style=\"width: 79.1335%; height: 44.7812px;\">Приём врача &ndash; ортопеда-травматолога, имеющего ученную степень К.М.Н., первичный</td>\r\n<td style=\"width: 20.8665%; height: 44.7812px;\">3 000 ₽</td>\r\n</tr>\r\n<tr style=\"height: 44.7812px;\">\r\n<td style=\"width: 79.1335%; height: 44.7812px;\">Приём врача &ndash; ортопеда-травматолога, имеющего учённую степень К.М.Н., повторный</td>\r\n<td style=\"width: 20.8665%; height: 44.7812px;\">2 000 ₽</td>\r\n</tr>\r\n<tr style=\"height: 22.3906px;\">\r\n<td style=\"width: 79.1335%; height: 22.3906px;\">Приём врача &ndash; ортопеда-травматолога, первичный</td>\r\n<td style=\"width: 20.8665%; height: 22.3906px;\">1 750 ₽</td>\r\n</tr>\r\n<tr style=\"height: 22.3906px;\">\r\n<td style=\"width: 79.1335%; height: 22.3906px;\">Приём врача &ndash; ортопеда-травматолога, повторный</td>\r\n<td style=\"width: 20.8665%; height: 22.3906px;\">1 500 ₽</td>\r\n</tr>\r\n<tr style=\"height: 22.3906px;\">\r\n<td style=\"width: 79.1335%; height: 22.3906px;\">Приём врача &ndash; ортопеда-травматолога, осмотр после операции</td>\r\n<td style=\"width: 20.8665%; height: 22.3906px;\">850 ₽</td>\r\n</tr>\r\n<tr style=\"height: 22.3906px;\">\r\n<td style=\"width: 79.1335%; height: 22.3906px;\">Приём врача &ndash; ортопеда-травматолога, осмотр перед операцией в стационаре</td>\r\n<td style=\"width: 20.8665%; height: 22.3906px;\">1 750 ₽</td>\r\n</tr>\r\n<tr style=\"height: 22.3906px;\">\r\n<td style=\"width: 79.1335%; height: 22.3906px;\">Приём врача &ndash; офтальмолога, в.к., первичный</td>\r\n<td style=\"width: 20.8665%; height: 22.3906px;\">2 000 ₽</td>\r\n</tr>\r\n<tr style=\"height: 22.3906px;\">\r\n<td style=\"width: 79.1335%; height: 22.3906px;\">Приём врача &ndash; офтальмолога, в.к., повторный</td>\r\n<td style=\"width: 20.8665%; height: 22.3906px;\">1 600 ₽</td>\r\n</tr>\r\n<tr style=\"height: 22.3906px;\">\r\n<td style=\"width: 79.1335%; height: 22.3906px;\">Осмотр офтальмологом беременных</td>\r\n<td style=\"width: 20.8665%; height: 22.3906px;\">1 400 ₽</td>\r\n</tr>\r\n<tr style=\"height: 22.3906px;\">\r\n<td style=\"width: 79.1335%; height: 22.3906px;\">Приём врача &ndash; офтальмолога,медосмотр</td>\r\n<td style=\"width: 20.8665%; height: 22.3906px;\">1 750 ₽</td>\r\n</tr>\r\n<tr style=\"height: 22.3906px;\">\r\n<td style=\"width: 79.1335%; height: 22.3906px;\">Прием врача - дерматовенеролога, первичный</td>\r\n<td style=\"width: 20.8665%; height: 22.3906px;\">1 650 ₽</td>\r\n</tr>\r\n<tr style=\"height: 22.3906px;\">\r\n<td style=\"width: 79.1335%; height: 22.3906px;\">Прием врача - дерматовенеролога, повторный</td>\r\n<td style=\"width: 20.8665%; height: 22.3906px;\">1 270 ₽</td>\r\n</tr>\r\n<tr style=\"height: 22.3906px;\">\r\n<td style=\"width: 79.1335%; height: 22.3906px;\">Прием врача - дерматовенеролога, с оформлением больничного листа</td>\r\n<td style=\"width: 20.8665%; height: 22.3906px;\">2 100 ₽</td>\r\n</tr>\r\n<tr style=\"height: 22.3906px;\">\r\n<td style=\"width: 79.1335%; height: 22.3906px;\">Прием профилактический врача - дерматовенеролога</td>\r\n<td style=\"width: 20.8665%; height: 22.3906px;\">770 ₽</td>\r\n</tr>\r\n<tr style=\"height: 22.3906px;\">\r\n<td style=\"width: 79.1335%; height: 22.3906px;\">Приём врача &ndash; дерматовенеролога по результатам анализов и др.</td>\r\n<td style=\"width: 20.8665%; height: 22.3906px;\">770 ₽</td>\r\n</tr>\r\n<tr style=\"height: 22.3906px;\">\r\n<td style=\"width: 79.1335%; height: 22.3906px;\">Прием врача - психиатра, первичный</td>\r\n<td style=\"width: 20.8665%; height: 22.3906px;\">&nbsp;1 650 ₽</td>\r\n</tr>\r\n<tr>\r\n<td style=\"width: 79.1335%;\">Прием врача - психиатра, повторный</td>\r\n<td style=\"width: 20.8665%;\">1 270 ₽</td>\r\n</tr>\r\n<tr>\r\n<td style=\"width: 79.1335%;\">Прием профилактический врача - психиатра</td>\r\n<td style=\"width: 20.8665%;\">&nbsp;870 ₽</td>\r\n</tr>\r\n</tbody>\r\n</table>', 1647610314, 1621793638),
(5, 'insurance', 'Страхование', '<p><img src=\"/uploads/images/medicinskoe-strahovanie.jpg\" alt=\"\" /></p>\r\n<p style=\"text-align: justify;\">Болезни вредят не только здоровью человека, но и приводят к материальным потерям: операции, медикаменты, различные медицинские исследования и лечебные процедуры иногда стоят дорого.</p>\r\n<p style=\"text-align: justify;\"><strong>Советуем оформить медицинский полис.</strong> Что дает полис добровольного медицинского страхования?</p>\r\n<ul>\r\n<li style=\"text-align: justify;\">Гарантия сохранности ваших средств, поскольку после приобретения полиса ДМС все затраты на медицинскую помощь в рамках программы страхования несет страховая компания,</li>\r\n<li style=\"text-align: justify;\">ваш выбор страховой программы с необходимым объемом медицинских услуг в оптимальных для вас лечебных учреждениях,</li>\r\n<li style=\"text-align: justify;\">гарантия того, что вы своевременно получите квалифицированную медицинскую помощь в рамках выбранной вами программы страхования,</li>\r\n<li style=\"text-align: justify;\">возможность круглосуточно получать бесплатные консультации у специалистов контакт-центра страховой компании по возникающим вопросам, в том числе по организации необходимой медицинской помощи в лечебном учреждении,</li>\r\n<li style=\"text-align: justify;\">постоянный контроль качества предоставляемых услуг и защита ваших интересов перед лечебным учреждением.</li>\r\n</ul>\r\n<p>Застраховаться <strong>8-800-999-65-78</strong></p>\r\n<p>Номер поддержки <strong>8-800-999-65-79</strong></p>', 1621877141, 1621793638);

-- --------------------------------------------------------

--
-- Структура таблицы `users`
--

CREATE TABLE `users` (
  `id` int(11) UNSIGNED NOT NULL,
  `group_id` int(11) UNSIGNED NOT NULL,
  `login` varchar(50) COLLATE utf8mb4_unicode_ci NOT NULL,
  `password` varchar(60) COLLATE utf8mb4_unicode_ci NOT NULL,
  `email` varchar(255) COLLATE utf8mb4_unicode_ci NOT NULL,
  `name` varchar(120) COLLATE utf8mb4_unicode_ci DEFAULT '',
  `surname` varchar(120) COLLATE utf8mb4_unicode_ci DEFAULT '',
  `patronymic` varchar(60) COLLATE utf8mb4_unicode_ci NOT NULL,
  `phone` varchar(20) COLLATE utf8mb4_unicode_ci NOT NULL,
  `birthday` int(10) UNSIGNED NOT NULL,
  `gender` varchar(10) COLLATE utf8mb4_unicode_ci NOT NULL,
  `adress` varchar(255) COLLATE utf8mb4_unicode_ci NOT NULL,
  `foto` varchar(255) COLLATE utf8mb4_unicode_ci DEFAULT '',
  `date_reg` int(11) UNSIGNED NOT NULL
) ENGINE=InnoDB DEFAULT CHARSET=utf8mb4 COLLATE=utf8mb4_unicode_ci;

--
-- Дамп данных таблицы `users`
--

INSERT INTO `users` (`id`, `group_id`, `login`, `password`, `email`, `name`, `surname`, `patronymic`, `phone`, `birthday`, `gender`, `adress`, `foto`, `date_reg`) VALUES
(12, 1, 'Admin', '$2y$10$3z80yL7YCgWM3rQswvrwhemOibr0.bCKpL9lM22Uo.XtkQKu5ktZu', 'ya.ya@ya.ru', 'Админ', 'Админов', 'Админович', '+7 (777) 777-77-77', 1636578000, 'male', '', 'uploads/avatars/foto_12.png', 1575825604),
(13, 2, 'tyt', '$2y$10$aLjMenwbk/uqTyOJT2cUm.CzU3LY.nWWo0drL/sNmIMBQgntZ43KG', 'rgdf@fyu.ruv', 'Виктория', 'Куликова', 'Тимофеевна', '', 0, '', '', 'uploads/avatars/1636054885_ай отто под фотошопом.png', 1575825604),
(14, 2, 'hypop', '$2y$10$CKfQJ7FZ4xpTJH4YXFVMeOuqVrv3Yj/KJf2cXgopZcWKeSnbFMBj6', 'hty@tr', 'Тимур', 'Журавлев', 'Тимофеевич', '', 0, '', '', '', 1575825604),
(15, 2, 'test2', '$2y$10$trgPL1fnnglSY3djNwS5wuI55DDOo5Sk.ZLU4Q/MxCiGVU2duyqwy', 'test@test.test', 'Николай', 'Федосеев', 'Сергеевич', '', 0, '', '', '', 1575825604),
(19, 2, 'test3', '$2y$10$GV1Cwv1gMDQLZWVQSMdkN.YsOKecISXX3D8Bnxr0KjimPH05dklvK', 'fdsfsdfsd@fdsf', 'Дмитрий', 'Борисов', 'Михайлович', '', 0, '', '', '', 1575825604),
(20, 2, 'test4', '$2y$10$lL.M9yafid52HKYQ5OYo/OH1mxjzHJg0QkUARprESvk/YLEVvJYZ6', 'ghg@hjkdf', 'Роман', 'Гришин', 'Константинович', '', 0, '', '', '', 1575825604),
(21, 2, 'test5', '$2y$10$2BFbRYEDMku90LjfrS4Al.kyCexnvN5J6z9jHlEPsxiRgPtt/XP8a', 'fasdfjkfbds@gjhfs', 'Василиса', 'Короткова', 'Савельевна', '', 0, '', '', '', 1575825604),
(23, 2, 'hgjgjgj', '$2y$10$pi0Hkd8VUAr3XNsYBICU/OyOM3VcF4Y5KC5CId8sYBMX4uEpuZbjG', 'dfgdfgf@gdfggd', 'Амина', 'Гончарова', 'Владимировна', '', 0, '', '', '', 1575825604),
(25, 2, 'gfddshkjgfjk', '$2y$10$6l.hHmNFp3Y4xKlOWlNqoeRAIW4XcCQ7QhYX/MrygF9oHuP.euP/W', 'fdsfljsdfj@hkgjdf', 'Полина', 'Степанова', 'Никитична', '', 0, '', '', '', 1575825604),
(26, 2, 'test87', '$2y$10$W1UWHA1ybyF0eNlkNuSo0.dbvBj1bQfR4215e5tOc8QbHbT2Ylg7m', 'hgfhfgh@dggdg.ru', 'Елена', 'Голикова', 'Никитична', '', 0, '', '', '', 1575825604),
(27, 2, 'test88', '$2y$10$XRLbLXNq.EieUoZY8m1pxOQcqdzBO0yH0pO3.f43Od08iezs.Mbx2', 'hgfhfgh@dggdg5', 'Матвей', 'Высоцкий', 'Фёдорович', '', 0, '', '', '', 1575825604),
(28, 2, 'fgdffdgfdg', '$2y$10$Vp8j.e5X.9jECPgMMuZ5auewavm34kx1/oYxsG6vm7ydeBik7mVs2', 'fdgdfg@fgdfgdg', 'Даниил', 'Калинин', 'Даниилович', '', 0, '', '', '', 1575825604),
(29, 2, 'dfgdfgdfgdfg', '$2y$10$nWiDBkVduanxtKnVyJVUbuMQpOXBx/yVL5cYaXjJ1JheG1dftvf6y', 'rgdfg@dfgdgd', 'Ева', 'Болдырева', 'Ярославовна', '', 0, '', '', '', 1575825604),
(30, 2, 'dfgdfgdfgdfgfdgdfg', '$2y$10$UrhtHUHy/1hcDCXdzNeh0.k52mc6XDNUFCU8g957W0qotsSbr9YGK', 'rgdfg@dfgdgddfgdfg', 'София', 'Соколова', 'Данииловна', '', 0, '', '', '', 1575825604),
(31, 2, 'dfgdfgdfgdfgfdgdfgfdgdfg', '$2y$10$Uc2ylGHBSftqXAMsz/AYbOsJywx4gbpNeEeX3G7R5Aqbu4IiFLGUC', 'rgdfg@dfgdgddfgdfgsdfgs', 'Полина', 'Фокина', 'Ярославовна', '', 0, '', '', '', 1575825604),
(32, 2, 'dfgdfgd', '$2y$10$1sYAaCUP6SlMuEJJ4KK8J.qw.Z0IlgYb3nRhKbUEnofdIbGc93vKu', 'rgdfg@d', 'Владимир', 'Голубев', 'Всеволодович', '', 0, '', '', '', 1575825604),
(33, 2, 'dfgdfgddff', '$2y$10$Np3ccZSAhvsNmqLc4GmY5OJqAnAWuqDScxKVm/L5ppzYGeP6NQrpG', 'rgdfg@dsdf', 'Александр', 'Лапшин', 'Николаевич', '', 0, '', '', '', 1575825604),
(34, 2, 'dfsujhsdfjlhsdf', '$2y$10$HhiaKhUm9XUJFcPknTfatewwQXIN/wYc6ZQK8l2uOxRSgMoDLTCNi', 'fdkjhbsdflkn@hjf', 'Тимур', 'Григорьев', 'Ярославович', '', 0, '', '', '', 1575830181),
(35, 2, 'sfkjhgsdfgk', '$2y$10$MOPRXxDi4tUwXy9I9GRCTujJ1bc23KHmCBqxsBr01d6k6R9wEr8RW', 's@d', 'Таисия', 'Филатова', 'Марковна', '', 0, '', '', '', 1576773901),
(36, 2, 'sfk', '$2y$10$DZc53gNIGdL3EUmI04/3CepW4RHyH1A2suba/p1plrq7WmjAACLfK', 's@dh', 'Елизавета', 'Максимова', 'Данииловна', '', 0, '', '', '', 1576774588),
(37, 2, 'fdsfsf', '$2y$10$nP49Z7JiAyxSIHWLTKF7cuu0DbyoZBeghcG/CR7eKf./0kBXeIWCS', 'sd@asf', 'Иван', 'Трофимов', 'Артёмович', '', 0, '', '', '', 1576774705),
(40, 2, 'fdsfsffdg', '$2y$10$CQJVddGT3VDNYOZQcU9.EuhNjCLQyHkKEIJ3hjaiouKA8hHkZGkv.', 'sd@asf.ds', 'Есения', 'Анохина', 'Вячеславовна', '', 0, '', '', '', 1576774913),
(41, 2, 'fdsfsffdggfg', '$2y$10$jE2o5argpNKxiCjxnWEPheDCw5ooGCWG9tFE0Mfe4GSXMXu7OE4xO', 'sd@asf.ds.fg', 'Александр', 'Иванов', 'Игоревич', '', 0, '', '', '', 1576774960),
(44, 2, 'dasfsdf', '$2y$10$/i0ywU7S/Usd2XpGypEBKOB91xUbOw/OJd6ert95THscY0Fr2gS2.', 'fdsf@dff.er', 'Дмитрий', 'Андреев', 'Павлович', '', 0, '', '', '', 1576775451),
(45, 2, 'antonina.kzrta', '$2y$10$jNKBywD0l9iVGhAgJFuYbuZX13QnF9gxcngQed.vOc58CGogS64X2', '79023988868@gsgsgsg.trt', 'Артём', 'Волошин', 'Ильич', '', 0, '', '', '', 1594577359),
(46, 2, 'test89', '$2y$10$HirQXNVEHIS08oWB5a5NdeKMY1At/RZPL8QxE/Z4fkTrt27yHT.Dq', 'test89@ya.ru', 'Софья', 'Родионова', 'Степановна', '', 0, '', '', '', 1614424404),
(47, 2, 'GGWP', '$2y$10$P/l/EJEsIZa1l0nIHvZnzuIZVXg6Bg0e6o6ecqi8N6z5BA14B8y6q', 'fjsdl@fjdkls.ru', 'Сергей', 'Козлов', 'Антонович', '+7 (956) 453-43-43', 599605200, 'none', 'г. Тюмень ул. Ленина д. 5', 'uploads/avatars/foto_47.jpg', 1614437083),
(55, 2, 'petrvas', '$2y$10$FEb1BMMUXzR0e4gRbBPPnuMzOHnT09yr.ECkqFagQHxooxSQ/BEIC', 'petr.vas@ya.ru', 'София', 'Киреева', 'Дмитриевна', '', 0, '', '', '', 1614446372),
(56, 2, 'Vasya', '$2y$10$7fzPe0uS7lAQ4qlqlxqSQukgBXx5nUOnHJhs.Hn76JatJZnYb5Hy2', 'vasya@ya.ru', 'Василий', 'Уткин', 'Сергеевич', '+7 (777) 777-77-77', 169333200, 'none', '', 'uploads/avatars/foto_56.jpg', 1620918189),
(60, 2, 'hgdfh', '$2y$10$k7wRFpW.I82i3gSi/R0nnexV4UL9AJSaHskkw49UCMpQvtCWFcwhO', 'bfsdg@hgfdh.tu', 'Валерия', 'Панкова', 'Егоровна', '', 0, '', '', '', 1635596797),
(61, 3, 'regest', '$2y$10$W8fdzabN0lgIk1PvPjDYD.XVz7Nv1owxm6vCVsz8ELVygp5iQbg3K', 'regest@med.su', 'Марина', 'Гурова', 'Артёмовна', '', 0, '', '', '', 1636049916),
(62, 2, 'ghfhd', '$2y$10$z5axPcPXq6Y/AoCuq6DhU.8vsdVibUvwm/OM8uqRD4XNoiZkCI4Vm', 'hdfgh@hgh.tr', 'Максим', 'Панин', 'Тимофеевич', '', 0, '', '', '', 1636051710),
(63, 2, 'gfdgsdfgds', '$2y$10$GW7PXnNzffaqejx332BY4.bTUVO1fZiRv7G6UBkEl4yIVt4xLamhO', 'fgdsg@gfdg.tu', 'Егор', 'Соболев', 'Кириллович', '', 0, '', '', 'uploads/avatars/1636051813_аватарка гта оригинал.png', 1636051813),
(68, 2, 'hgdfghf', '$2y$10$iwwZ2sK/v.OGuW2vcLW.xeftIC.wxl6NZ3dcykVFmXSNHQlngW7kW', 'fghdfg@gfdsg.tr', 'Анна', 'Кочеткова', 'Арсентьевна', '', 0, '', '', '', 1636121267),
(69, 2, 'test_new', '$2y$10$Az5x/641xg8NJ.wqDaz70OT7CaTRQhivOOAYch8faZ7BsZsePF0dm', 'test.new@new.ru', 'Юрий', 'Королев', 'Максимович', '+7 (777) 777-77-77', 1637096400, 'male', 'г. Тестов', '', 1636291189),
(70, 2, 'test_77', '$2y$10$D9t5kU3mNO9U3UVpC52VNuUxP8HD470VfQkca6o1FVIQB2rpBBtCO', 'test77@ya.ru', 'Андрей', 'Марков', 'Алексеевич', '+7 (921) 354-35-13', 1637874000, 'male', 'пваправп', '', 1636293512),
(71, 2, 'samsonov', '$2y$10$I2G/F8zSIJfPiBT5sTIR0Oyfps5eiIpHXgkNzuOmcWE.3tzDwZ1wG', 'sams.alex@mail.ru', 'Александр', 'Самсонов', 'Александрович', '+7 (910) 566-76-45', 912114000, 'male', 'г. Тюмень', '', 1648388976);

-- --------------------------------------------------------

--
-- Структура таблицы `user_tokens`
--

CREATE TABLE `user_tokens` (
  `id` int(10) UNSIGNED NOT NULL,
  `user_id` int(10) UNSIGNED NOT NULL,
  `token` varchar(255) COLLATE utf8mb4_unicode_ci NOT NULL,
  `date` int(10) UNSIGNED NOT NULL
) ENGINE=InnoDB DEFAULT CHARSET=utf8mb4 COLLATE=utf8mb4_unicode_ci;

--
-- Дамп данных таблицы `user_tokens`
--

INSERT INTO `user_tokens` (`id`, `user_id`, `token`, `date`) VALUES
(69, 56, '$2y$10$ITIA68pZOs4ChDCJXzdbXe1NWbyGdDoxdsUWEd6zWd3QvkNKfUwaG', 1620918208),
(91, 56, '$2y$10$Q9qjFR.LauHs2bNNOHxw/.Ff9QbuOtXEZyrUbdgWXMuFdJIdlR2ue', 1621454098),
(101, 56, '$2y$10$lc45KRNk3bdioDZvtP5U5efqt5OCMkD5A2AE3M48IW5Rmx7215J1y', 1621456755),
(102, 56, '$2y$10$w9JWu4plryDUcH209/5mp.x29nAuYlNg2aUlCeKAlMpuyVvvn6VWO', 1621456916),
(104, 15, '$2y$10$e4X3lrSSpDoEiQ0DjCHReOUUKGJlgM2TbpNv.1T9jiEf.L00/S8xS', 1621457067),
(106, 56, '$2y$10$YqypzM0cUDfUtZE7V635SePRRh02U6pVVYyoQdk5mIWkIIsPkpOcW', 1621457289),
(125, 55, '$2y$10$hkGkZJSF68Bw0pFk3N38.uo8xHuHhESeaqYx.StvJMI6GXZIigh2C', 1622035286),
(142, 47, '$2y$10$yfusvBP5Ta1TiKzySCKCMesSVc7NXqjjCysVHbs0hJGmgRuhyKM6a', 1622989472),
(227, 13, '$2y$10$LDYMaq8M4MxMVMsfVs/nOOAYCisBJ9y/yNZgwk5bxySzjLy1UGqJ.', 1636055849),
(236, 13, '$2y$10$cOegZFOz9asjrPS3vprtUO7VTd8.htdSkMIosgGF/X0DmjrhqepQq', 1636129582),
(237, 12, '$2y$10$h9KXyesEX5uuDAAs.aMUYOE4.YJ3L1d0/xCZIVv6Vl6if4CBPx9MK', 1636129641),
(242, 12, '$2y$10$pKTqnu.wvLK7scViqDqW9euG3A9dyjnl66mzdYhI5L7Q82bbPPUbK', 1636133211),
(263, 12, '$2y$10$Rr9Wa0EXZ0ThepH5lVLG4ucQboDBVpXX5uY4CjGTxBFENPUtWknIi', 1636293343),
(264, 12, '$2y$10$8Y8ptbYd5VVEHPQnUvFcbOveemkHZkfB9uUFduAUJmOhZyxIqzr9e', 1636392639),
(265, 12, '$2y$10$9uZ3vB4QBA05WdBx8PmpuuW14WVWmpsBg0JNIyXq5py/TDXfUwhgG', 1636400829),
(266, 12, '$2y$10$ISJuuQqRY4CF2mZNqLFtjOWOdy4zHqdv7FROMVn0t6Nj5DQJi.iAe', 1636472389),
(268, 12, '$2y$10$JqUQP7oB1ouEF9fDojz3HeMlX0hbv2MG1kev9sbf0ccbA2TLbkLQi', 1636555460),
(278, 12, '$2y$10$wQOdHY7T4aixPVxbrs9SJu03V5YQFTjBhuhzzM7U/kQXTiK4aZE5K', 1636717196),
(279, 12, '$2y$10$F2Ly9f5T/OhnHYMUY/4HWO.j0E1sZjhO3GF3Mx/51RVCwddoIHJky', 1636719660),
(282, 12, '$2y$10$mkMvlfWYrYsUvvGf1JYP0uDb9PhgLVt87nOgrAWOfnSAytYd6CA6a', 1636731418),
(283, 12, '$2y$10$SDk9Saw1wBiGNWQt2XC9SurNVxPrCvrbxdZIeTDOBBOkAzYOHakIC', 1636731963),
(284, 12, '$2y$10$8OlCr62nGD7nOCvAMwppWOsQ6pxg/xXtCJzvBWZ6e2D6L.vBQsfqC', 1636896977),
(285, 12, '$2y$10$RmvxgNPR/Q7ysjssrId0ieNkeIX5rgOUNX2LaIm1Gw.jQQLXcklLm', 1637080940),
(287, 12, '$2y$10$/KVNZgAkgr8R1qJBbrcCKuFO2bvCB8EqbyQIVvh5FYFVMlJCJwQq2', 1637161317),
(289, 61, '$2y$10$5mU03PE7HQLpq7Aj2knf.eT0/ZxFvnyNAYWi5lLGR.N.PfCgMsCbi', 1637168153),
(291, 12, '$2y$10$hNFLdRVHYEIRa.0kQEYvRumu14DiyHeGZcg8AlY6heqT0WvSr2o0O', 1637241542),
(292, 12, '$2y$10$R/bxCaOXmaST294kOS8VVeuL0U2f5cg8xmNbuv8srs2PFXFo/CLou', 1637260230),
(294, 12, '$2y$10$hQuieLXOZDvOuw1OlsYdHO1A0GPzKFPTnvqXrTO6I7LCwb6Xum5Qi', 1637326699),
(295, 12, '$2y$10$pAcRP7E0LUoUbmUQRXe3TO7RoNYNivYDQ615hycHnvjtp9pyh2PCa', 1637506469),
(296, 12, '$2y$10$l2DSFJVew/MrCl8JKNiqie8Zux1.8kBsSQV.e2x1KEhMG/olMCgQe', 1637506513),
(298, 12, '$2y$10$ayJ2m3DdQ3P5MKXJ78EF1.dVvvVicf29lWOuDzF8jSUk6sGGzzgmG', 1637531532),
(299, 12, '$2y$10$34VKVV4cuP5SKbJ6d67VFeSribNz73F59AxuGL.XIwKG5W0Ubksj2', 1637591758),
(300, 12, '$2y$10$JTXZM.BzosK2V0u7ha2B2.csik242E39JjWLkg6GeG5xQK0rMsqQ.', 1638038613),
(301, 12, '$2y$10$4xuNgfY5szdo7TaRnml//.EcE.Qb1jsDV3DNtL2MOZuk5MrFjuNiC', 1638365547),
(302, 12, '$2y$10$DjIMP4wJrDN1vI1AFnmwgeCL8a75zVTpAjZ0/KJZRH9iJzwACFHxS', 1638385126),
(303, 12, '$2y$10$SpTVtu458PyvbvS7R8SmDufOfc2q.CJt02Cb8cSIuE9k4zQCWwbh2', 1638447523),
(304, 12, '$2y$10$YrOoU8XB2Q5SrKGG1p3u/u5Vuq/aRakze6Q1yBydlFn6FLHEuwGrC', 1638466742),
(306, 12, '$2y$10$x12Nkn.EogQMV/BCb1kowOScVFWFSbSelA0qbKc7fulHs1M0mh1FO', 1638548657),
(307, 12, '$2y$10$szDM24HKc0CwrM9oaen1beyiMas4.igVxuNKID/ZOyCbUFcTRBaKe', 1638551105),
(308, 12, '$2y$10$YqvWLPPQcL0quABp9g831ev7jq/alvaOXKjq7KWrqSubnk7ZWDS/u', 1638632151),
(309, 12, '$2y$10$Zzn/eXSvyjhTbvL5ctNz7OMpoxVbQ9Z471OVHscVmuE.p9biROfse', 1638711648),
(310, 12, '$2y$10$QCilW1ITcnsCCTw9akFGpey7pz/X7DbCo39hUXVL8z081BASyxB6q', 1638811894),
(311, 12, '$2y$10$T0/34jg3VzXXNGlrouKLze1HS1bzcCorotLzYA6MT2DXKQb4qm4xK', 1639336686),
(314, 12, '$2y$10$fhKZA4XJ8L55T6CLgUH.2u8t1zJD71xiVEPatcoUT6oN76SlIUecO', 1641817859),
(315, 12, '$2y$10$OQ.tNB/158jSUw7NlocuCe08FKD.ACSrDOM9UhP8MbEXMGhCw1LL.', 1642265717),
(316, 12, '$2y$10$13TpVqpv2Vo8VyczkHlKiOU.MMogN4paWB5kwIG8B1KVdqDo99fby', 1642334783),
(317, 12, '$2y$10$9nOd59lMEc5umAiRIPe0nuFYb3bDhes140mGbztmqH0KCAwPrlw3y', 1642875494),
(318, 12, '$2y$10$idnwqQa1FSCZiP99NxJZDO3kq2Cb5ISCUTNe3Lpo9wZqegSdlQpqO', 1643299227),
(321, 12, '$2y$10$56R4EBXrCbHp7YJUWC4x4ereeXiMGWmwpURDRkwOIQ..aUC0cyFXi', 1643633304),
(322, 12, '$2y$10$hdMquijjpg9aFdgke5Kd0ec.29qcz8A2rrWMRy2yiG9dDnoCCFxxO', 1643806937),
(324, 12, '$2y$10$Ugjt4Blocr2zbn/2hQm9nuhB3U8bUiQG/HrHReVXTGJ1ZybDrKLXO', 1645963386),
(326, 12, '$2y$10$mLCTk8ncBHDCeUkblRW3EObGtZXiiZa64kkZXU.8IYr4cjiSzMGmy', 1647098029),
(327, 12, '$2y$10$LunqqILqVTF35jGR5j2T5.dcQDvP4UrQxCdfMv.h1lin85yoTHBh.', 1647183776),
(330, 12, '$2y$10$FhQuYijjfzyUfgyGZ2VFi.G35UVouSHH3LbUnloiBlu57ASB2btKu', 1647608422),
(331, 12, '$2y$10$FNq2xaRyQ9Hai1Bj0pEMLeD9WzAMkLxDSgzX1ymls5mlUOrxztHiy', 1647624323),
(339, 47, '$2y$10$BXuk4YffeHvWJIcamq8zhuI5bfil4ZadpW2CkiiKSTRqu7eeHirsm', 1648217926),
(340, 12, '$2y$10$1658i39sDro/YOw2Ua6i3OazIcXRAY9rMmAYZrDPEbQietipCRKpS', 1648233245),
(345, 12, '$2y$10$o2.iIUC.H5waw0qf5l5FPe/54z8qdaLyQlEy7uZ2XUmUf2HjZTSra', 1648397982),
(347, 12, '$2y$10$ACPJCAY1K7HJNtZdIrHfOuomfCbvnT5dRPPOI2wXcTGA0a8reWueC', 1649440143),
(349, 12, '$2y$10$uaIeHqkwUDzKWyQ3E.TwfuVp8tlJ39L44gzLv0uJ5dH9z2Rg6QXfy', 1653138197);

--
-- Индексы сохранённых таблиц
--

--
-- Индексы таблицы `appointments`
--
ALTER TABLE `appointments`
  ADD PRIMARY KEY (`time`,`doctor_id`),
  ADD KEY `recdoctor_ibfk_1` (`doctor_id`),
  ADD KEY `recdoctor_ibfk_2` (`user_id`);

--
-- Индексы таблицы `comments`
--
ALTER TABLE `comments`
  ADD PRIMARY KEY (`id`),
  ADD KEY `FK_news_comments` (`news_id`),
  ADD KEY `FK_users_comments` (`user_id`);

--
-- Индексы таблицы `doctors`
--
ALTER TABLE `doctors`
  ADD PRIMARY KEY (`id`),
  ADD KEY `specialty_id` (`specialty_id`);

--
-- Индексы таблицы `groups`
--
ALTER TABLE `groups`
  ADD PRIMARY KEY (`id`);

--
-- Индексы таблицы `lostpassword`
--
ALTER TABLE `lostpassword`
  ADD PRIMARY KEY (`id`),
  ADD UNIQUE KEY `token` (`token`),
  ADD KEY `fk_users_lostpassword` (`user_id`);

--
-- Индексы таблицы `news`
--
ALTER TABLE `news`
  ADD PRIMARY KEY (`id`),
  ADD KEY `FK_users_news` (`autor`);

--
-- Индексы таблицы `specialties`
--
ALTER TABLE `specialties`
  ADD PRIMARY KEY (`id`);

--
-- Индексы таблицы `static`
--
ALTER TABLE `static`
  ADD PRIMARY KEY (`id`),
  ADD UNIQUE KEY `url` (`url`);

--
-- Индексы таблицы `users`
--
ALTER TABLE `users`
  ADD PRIMARY KEY (`id`),
  ADD UNIQUE KEY `login` (`login`),
  ADD UNIQUE KEY `email` (`email`),
  ADD KEY `fk_groups_users` (`group_id`);

--
-- Индексы таблицы `user_tokens`
--
ALTER TABLE `user_tokens`
  ADD PRIMARY KEY (`id`),
  ADD UNIQUE KEY `token` (`token`),
  ADD KEY `fk_user_tokens` (`user_id`);

--
-- AUTO_INCREMENT для сохранённых таблиц
--

--
-- AUTO_INCREMENT для таблицы `comments`
--
ALTER TABLE `comments`
  MODIFY `id` int(10) UNSIGNED NOT NULL AUTO_INCREMENT, AUTO_INCREMENT=52;

--
-- AUTO_INCREMENT для таблицы `doctors`
--
ALTER TABLE `doctors`
  MODIFY `id` int(11) UNSIGNED NOT NULL AUTO_INCREMENT, AUTO_INCREMENT=31;

--
-- AUTO_INCREMENT для таблицы `groups`
--
ALTER TABLE `groups`
  MODIFY `id` int(11) UNSIGNED NOT NULL AUTO_INCREMENT, AUTO_INCREMENT=6;

--
-- AUTO_INCREMENT для таблицы `lostpassword`
--
ALTER TABLE `lostpassword`
  MODIFY `id` int(10) UNSIGNED NOT NULL AUTO_INCREMENT, AUTO_INCREMENT=46;

--
-- AUTO_INCREMENT для таблицы `news`
--
ALTER TABLE `news`
  MODIFY `id` int(11) UNSIGNED NOT NULL AUTO_INCREMENT, AUTO_INCREMENT=61;

--
-- AUTO_INCREMENT для таблицы `specialties`
--
ALTER TABLE `specialties`
  MODIFY `id` int(11) UNSIGNED NOT NULL AUTO_INCREMENT, AUTO_INCREMENT=18;

--
-- AUTO_INCREMENT для таблицы `static`
--
ALTER TABLE `static`
  MODIFY `id` int(11) UNSIGNED NOT NULL AUTO_INCREMENT, AUTO_INCREMENT=26;

--
-- AUTO_INCREMENT для таблицы `users`
--
ALTER TABLE `users`
  MODIFY `id` int(11) UNSIGNED NOT NULL AUTO_INCREMENT, AUTO_INCREMENT=72;

--
-- AUTO_INCREMENT для таблицы `user_tokens`
--
ALTER TABLE `user_tokens`
  MODIFY `id` int(10) UNSIGNED NOT NULL AUTO_INCREMENT, AUTO_INCREMENT=350;

--
-- Ограничения внешнего ключа сохраненных таблиц
--

--
-- Ограничения внешнего ключа таблицы `appointments`
--
ALTER TABLE `appointments`
  ADD CONSTRAINT `appointments_ibfk_1` FOREIGN KEY (`doctor_id`) REFERENCES `doctors` (`id`) ON DELETE CASCADE ON UPDATE CASCADE,
  ADD CONSTRAINT `appointments_ibfk_2` FOREIGN KEY (`user_id`) REFERENCES `users` (`id`) ON DELETE CASCADE ON UPDATE CASCADE;

--
-- Ограничения внешнего ключа таблицы `comments`
--
ALTER TABLE `comments`
  ADD CONSTRAINT `FK_news_comments` FOREIGN KEY (`news_id`) REFERENCES `news` (`id`) ON DELETE CASCADE ON UPDATE CASCADE,
  ADD CONSTRAINT `FK_users_comments` FOREIGN KEY (`user_id`) REFERENCES `users` (`id`) ON DELETE CASCADE ON UPDATE CASCADE;

--
-- Ограничения внешнего ключа таблицы `doctors`
--
ALTER TABLE `doctors`
  ADD CONSTRAINT `doctors_ibfk_1` FOREIGN KEY (`specialty_id`) REFERENCES `specialties` (`id`) ON DELETE CASCADE ON UPDATE CASCADE;

--
-- Ограничения внешнего ключа таблицы `lostpassword`
--
ALTER TABLE `lostpassword`
  ADD CONSTRAINT `fk_users_lostpassword` FOREIGN KEY (`user_id`) REFERENCES `users` (`id`) ON DELETE CASCADE ON UPDATE CASCADE;

--
-- Ограничения внешнего ключа таблицы `news`
--
ALTER TABLE `news`
  ADD CONSTRAINT `FK_users_news` FOREIGN KEY (`autor`) REFERENCES `users` (`id`) ON DELETE CASCADE ON UPDATE CASCADE;

--
-- Ограничения внешнего ключа таблицы `users`
--
ALTER TABLE `users`
  ADD CONSTRAINT `fk_groups_users` FOREIGN KEY (`group_id`) REFERENCES `groups` (`id`) ON DELETE CASCADE ON UPDATE CASCADE;

--
-- Ограничения внешнего ключа таблицы `user_tokens`
--
ALTER TABLE `user_tokens`
  ADD CONSTRAINT `fk_user_tokens` FOREIGN KEY (`user_id`) REFERENCES `users` (`id`) ON DELETE CASCADE ON UPDATE CASCADE;
COMMIT;

/*!40101 SET CHARACTER_SET_CLIENT=@OLD_CHARACTER_SET_CLIENT */;
/*!40101 SET CHARACTER_SET_RESULTS=@OLD_CHARACTER_SET_RESULTS */;
/*!40101 SET COLLATION_CONNECTION=@OLD_COLLATION_CONNECTION */;
